11:50:11.926,8.15,26.8,25.28,24.12,1008.2,1008.29,25.34,328.1,42.05,41.4,-3.48,-9.44,1.3,-16.29,14.41,-3.13
11:50:13.3,8.15,26.8,25.29,24.12,1008.2,1008.29,25.33,330.32,42.13,41.39,-3.55,-9.86,0.78,7.57,8.14,-11.04
11:50:14.81,8.15,26.8,25.29,24.13,1008.19,1008.28,25.33,331.61,42.13,41.44,-3.36,-9.26,1.66,-6.13,13.32,-1.65
11:50:15.157,8.18,26.8,25.3,24.13,1008.18,1008.28,25.31,328.1,42.21,41.47,-3.36,-9.49,0.56,2.5,10.85,-10.09
11:50:16.233,8.14,26.8,25.3,24.13,1008.18,1008.28,25.31,328.42,42.21,41.44,-3.34,-9.13,1.69,-2.43,12.56,-3.77
11:50:17.313,8.17,26.8,25.31,24.14,1008.18,1008.28,25.3,327.78,42.21,41.43,-3.41,-9.84,0.62,-4.09,13.24,-11.21
11:50:18.388,8.15,26.8,25.31,24.14,1008.18,1008.28,25.29,329.37,42.21,41.5,-3.35,-9.08,1.59,2.91,10.25,-1.29
11:50:19.468,8.15,26.8,25.32,24.14,1008.18,1008.28,25.29,327.47,42.21,41.5,-3.35,-9.66,0.79,-9.12,16.16,-12.23
11:50:20.543,8.15,26.8,25.32,24.15,1008.18,1008.28,25.28,330.32,42.38,41.49,-3.49,-9.52,1.32,5.44,9.62,0.56
11:50:21.623,8.15,26.8,25.33,24.15,1008.16,1008.27,25.27,328.1,42.46,41.52,-3.48,-9.76,1.09,-7.67,17.71,-15.64
11:50:22.699,8.17,26.89,25.33,24.16,1008.16,1008.27,25.27,328.42,42.46,41.51,-3.35,-9.39,0.99,8.42,8.46,1.94
11:50:23.779,8.18,26.89,25.34,24.16,1008.16,1008.27,25.26,329.05,42.46,41.56,-3.46,-9.38,1.39,-3.51,16.78,-15.07
11:50:24.857,8.17,26.89,25.34,24.17,1008.17,1008.27,25.24,328.42,42.38,41.54,-3.36,-10.08,0.95,0.97,12.27,-2.34
11:50:25.936,8.15,26.89,25.35,24.17,1008.16,1008.27,25.23,328.42,42.46,41.58,-3.74,-9.45,1.31,3.36,14.24,-9.01
11:50:27.14,8.15,26.89,25.35,24.17,1008.16,1008.27,25.22,329.05,42.38,41.58,-3.17,-9.93,1.23,-3.8,14.54,-5.76
11:50:28.95,8.15,26.89,25.36,24.18,1008.17,1008.27,25.21,328.42,42.38,41.55,-3.88,-9.59,1.05,-1.15,12.39,-6.82
11:50:29.170,8.15,26.89,25.36,24.18,1008.17,1008.27,25.2,329.05,42.38,41.53,-3.15,-9.67,1.33,0.75,13.99,-8.9
11:50:30.252,8.17,26.89,25.37,24.19,1008.17,1008.27,25.19,327.47,42.38,41.51,-3.71,-9.43,1.01,-2.98,11.05,-3.15
11:50:31.329,8.15,26.89,25.37,24.19,1008.17,1008.27,25.17,329.68,42.38,41.54,-3.15,-9.42,1.29,3.89,15.06,-10.08
11:50:32.406,8.17,26.89,25.38,24.2,1008.17,1008.27,25.15,329.05,42.3,41.52,-3.65,-9.59,1.01,-5.83,13.25,-2.88
11:50:33.480,8.17,26.89,25.38,24.2,1008.18,1008.27,25.15,328.1,42.3,41.51,-3.28,-9.51,1.27,5.81,16.45,-11.64
11:50:34.558,8.17,26.89,25.39,24.2,1008.18,1008.27,25.15,329.05,42.3,41.53,-3.55,-9.75,1.03,-8.58,17.46,-3.48
11:50:35.634,8.18,26.89,25.39,24.21,1008.18,1008.28,25.14,327.78,42.3,41.43,-3.34,-9.31,1.02,8.16,15.44,-9.26
11:50:36.710,8.17,26.89,25.4,24.22,1008.18,1008.28,25.13,326.84,42.38,41.46,-3.4,-9.55,1.23,-6.24,19.23,-6.67
11:50:37.782,8.17,26.89,25.4,24.22,1008.18,1008.29,25.11,328.1,42.3,41.4,-3.48,-9.57,0.87,6.58,16.56,-4.71
11:50:38.859,8.18,26.89,25.41,24.23,1008.18,1008.28,25.11,329.68,42.3,41.42,-3.43,-9.33,1.4,1.3,19.01,-8.34
11:50:39.932,8.18,26.89,25.41,24.23,1008.18,1008.28,25.09,331.28,42.3,41.45,-3.37,-9.9,0.97,1.8,21.1,-6.89
11:50:41.9,8.18,26.89,25.42,24.24,1008.19,1008.28,25.07,330.64,42.3,41.47,-3.48,-9.29,1.26,1.9,22.64,-5.96
11:50:42.88,8.15,26.89,25.42,24.24,1008.18,1008.28,25.06,331.61,42.3,41.47,-3.26,-9.66,0.94,2.11,26.18,-11.26
11:50:43.164,8.17,26.89,25.42,24.24,1008.17,1008.27,25.04,329.05,42.38,41.5,-3.5,-9.34,1.04,1.79,22.01,-4.22
11:50:44.244,8.18,26.89,25.42,24.25,1008.17,1008.28,25.03,330.32,42.38,41.46,-3.34,-9.69,1.14,5.87,25.6,-11.73
11:50:45.320,8.21,26.89,25.42,24.25,1008.19,1008.28,25.02,330,41.46,41.49,0.71,-4.66,-2.43,-61.1,35.63,-36.25
11:50:46.399,8.35,26.89,25.41,24.25,1008.42,1008.39,25.01,331.93,39.2,40.58,0.39,-7.19,-4.98,82.35,-16.11,49.71
11:50:47.471,8,26.8,25.38,24.24,1008.65,1008.51,24.98,334.2,37.53,39.5,5.82,1.1,1.63,-74.61,127.59,-112.17
11:50:48.555,7.82,26.8,25.35,24.22,1008.8,1008.67,24.94,337.17,36.61,38.21,4.37,-3.36,-1.58,-209.65,249.98,-124.61
11:50:49.633,7.92,26.8,25.31,24.19,1008.9,1008.77,24.88,339.19,35.95,37.37,5.35,1.04,1.4,249.99,-193.55,-101.3
11:50:50.717,7.64,26.7,25.28,24.17,1008.95,1008.85,24.82,342.25,35.44,36.74,-0.64,-9.25,-16.69,249.99,-60.32,13.76
11:50:51.791,7.34,26.6,25.25,24.15,1009.02,1008.92,24.75,342.59,35.03,36.08,2.05,-0.34,9.81,0.58,26.49,-7.43
11:50:52.871,7.37,26.6,25.23,24.14,1009.06,1008.99,24.69,345.71,34.86,35.56,0.81,-0.86,10.04,-0.37,-1.61,-2.36
11:50:53.943,7.42,26.6,25.23,24.12,1009.06,1009.04,24.64,342.59,34.78,35.13,0.7,-0.8,10.1,-4.16,8.09,-6.46
11:50:55.23,7.41,26.6,25.22,24.11,1009.08,1009.07,24.59,341.56,34.69,34.87,0.39,-0.93,10.14,-4.48,11.36,-6.03
11:50:56.98,7.41,26.6,25.22,24.1,1009.08,1009.09,24.55,343.97,34.69,34.71,0.38,-0.87,10.11,-3.18,6.15,-2.1
11:50:57.176,7.41,26.6,25.21,24.09,1009.09,1009.11,24.51,345.71,34.61,34.54,0.34,-0.88,10.12,-3.26,6.56,-5.92
11:50:58.252,7.42,26.6,25.21,24.08,1009.1,1009.12,24.49,345.71,34.61,34.43,0.36,-0.87,10.12,-3.38,6.57,-5.79
11:50:59.328,7.44,26.6,25.21,24.08,1009.09,1009.13,24.47,347.12,34.61,34.35,0.4,-0.92,10.13,-5.89,5.65,-15.64
11:51:00.404,7.42,26.6,25.2,24.07,1009.08,1009.14,24.45,348.89,34.78,34.3,9.87,-0.21,2.25,-80.46,29.27,-11.75
11:51:01.483,7.42,26.6,25.2,24.06,1009.07,1009.13,24.43,349.25,34.86,34.34,9.04,-2.88,-0.72,-20.64,-23.92,10.6
11:51:02.560,7.54,26.6,25.2,24.06,1009.05,1009.13,24.42,348.89,34.94,34.4,8.45,-3.29,-2.39,46.91,-17.07,14.84
11:51:03.637,7.54,26.6,25.2,24.06,1009.05,1009.11,24.41,350.33,35.03,34.55,8.47,-4.01,-2.54,-1.51,9.37,-5.53
11:51:04.712,7.61,26.7,25.2,24.05,1009.04,1009.1,24.4,352.86,35.03,34.57,9.12,0.6,-3.97,-80.54,-4.02,-55.03
11:51:05.784,7.57,26.6,25.2,24.05,1009.04,1009.1,24.39,351.41,35.11,34.58,7.47,2.19,-5.22,7.52,-1.98,0.92
11:51:06.862,7.54,26.7,25.21,24.05,1009.04,1009.1,24.4,350.68,35.11,34.59,7.1,2.88,-6.27,34.74,-2.74,-12.64
11:51:07.936,7.46,26.7,25.21,24.05,1009.03,1009.1,24.4,352.86,35.11,34.61,6.05,2.53,-6.93,-4.57,1.55,-8.89
11:51:09.10,7.54,26.7,25.21,24.05,1009.03,1009.1,24.41,351.41,35.19,34.61,5.59,3.22,-7.19,4.47,1.71,-10.95
11:51:10.91,7.46,26.7,25.21,24.04,1009.03,1009.1,24.41,351.05,35.11,34.62,5.21,4.35,-6.52,-45.71,-0.01,-23.66
11:51:12.240,7.47,26.7,25.22,24.04,1009.03,1009.1,24.44,353.59,35.19,34.62,4.53,9.4,7.7,-49.75,-82.4,61.61
11:51:13.315,7.51,26.7,25.22,24.04,1009.03,1009.1,24.48,348.18,35.19,34.6,1.01,4.08,10.77,79.07,33.33,21.91
11:51:14.392,7.51,26.7,25.22,24.04,1009.02,1009.1,24.56,351.77,35.19,34.58,-0.33,-0.5,9.7,-39.12,-4.87,19.69
11:51:15.469,7.51,26.7,25.22,24.04,1009.02,1009.1,24.64,349.97,35.19,34.6,5.21,-0.9,10.11,28.88,-36.42,-7.81
11:51:16.540,7.5,26.7,25.22,24.04,1009.02,1009.1,24.73,348.89,35.28,34.58,5.49,0.23,8.63,1.5,45.15,11.83
11:51:17.617,7.61,26.7,25.23,24.05,1009.01,1009.1,24.84,350.33,35.19,34.57,2.18,3.44,7.8,-12.11,11.83,-67.76
11:51:18.695,8.12,26.7,25.23,24.05,1009.01,1009.1,24.98,347.47,35.19,34.57,5.52,-0.03,7.65,-30.74,-5.48,-5.97
11:51:19.771,7.94,26.7,25.23,24.05,1009.02,1009.1,25.08,348.18,35.28,34.6,6.69,-0.02,8.19,-28.92,-6.59,-7.32
11:51:20.844,8,26.7,25.24,24.05,1009.02,1009.1,25.15,348.54,35.28,34.61,7.26,0.36,8.16,-15.02,6.77,-7.52
11:51:21.917,7.77,26.8,25.24,24.05,1009.02,1009.1,25.19,348.54,35.28,34.59,6.52,0.7,8.15,-26.41,6.19,-5.14
11:51:22.993,7.54,26.7,25.25,24.06,1009.02,1009.11,25.22,347.47,35.28,34.55,6.41,1.02,7.81,-7.54,-1.58,-5.68
11:51:24.69,7.47,26.8,25.25,24.06,1009.02,1009.11,25.21,349.25,35.28,34.52,6.92,1.36,6.72,-2.74,6.41,-5.88
11:51:25.146,7.47,26.8,25.25,24.06,1009.02,1009.1,25.19,350.33,35.28,34.57,7.26,1.36,6.85,-3.15,11.32,-6.28
11:51:26.218,7.42,26.8,25.26,24.06,1009.01,1009.1,25.18,347.83,35.28,34.61,6.65,1.39,6.53,2.92,8.34,-1.65
11:51:27.297,7.39,26.8,25.26,24.06,1009.02,1009.11,25.15,348.89,35.11,34.55,8.53,7.98,0.51,35.88,-23.14,-87.77
11:51:28.375,6.91,26.8,25.25,24.06,1009.04,1009.12,25.09,350.33,34.94,34.45,4.86,5.7,-5.32,-20.36,28.63,7.32
11:51:29.451,6.92,26.8,25.26,24.06,1009.06,1009.13,25.03,350.33,34.94,34.39,4.85,6.31,-4.94,12.89,-4.01,7.12
11:51:30.527,6.93,26.8,25.26,24.06,1009.07,1009.14,24.98,350.68,34.78,34.24,5.49,5.05,-6.2,-9.51,10.35,-4.64
11:51:31.603,6.95,26.8,25.26,24.06,1009.09,1009.15,24.93,351.05,34.61,34.17,5.58,6.38,-3.42,-7.41,8.14,-8.06
11:51:32.676,6.93,26.8,25.26,24.06,1009.09,1009.15,24.87,349.97,34.61,34.15,5.56,5.59,-5.6,-1.1,6.88,-3.96
11:51:33.755,6.96,26.8,25.26,24.06,1009.1,1009.16,24.82,352.5,34.69,34.11,5.56,6.51,-3.82,-8.73,10.48,-6.03
11:51:34.829,6.96,26.8,25.26,24.06,1009.08,1009.16,24.78,353.59,34.69,34.14,5.52,5.83,-5.34,-1.49,6.55,-4.45
11:51:35.905,6.95,26.8,25.26,24.06,1009.08,1009.16,24.75,349.61,34.78,34.14,8.24,3.94,-4.05,-2.42,10.14,2.33
11:51:36.981,6.95,26.8,25.27,24.06,1009.07,1009.15,24.73,351.05,34.86,34.17,9.07,3.65,-2.53,-7.6,11.48,-5.23
11:51:38.61,6.96,26.8,25.27,24.06,1009.07,1009.15,24.69,351.41,34.94,34.18,9.24,2.49,-0.47,-21.11,9.86,-19.38
11:51:39.142,6.95,26.8,25.27,24.07,1009.05,1009.14,24.67,353.23,35.03,34.24,7.91,-2.15,1.57,-14.08,-4.45,-20.47
11:51:40.216,6.96,26.8,25.27,24.07,1009.02,1009.13,24.63,351.77,35.36,34.35,12.28,-4.73,0,-1.24,4.62,-43.92
11:51:41.297,6.96,26.8,25.27,24.07,1008.99,1009.11,24.59,352.86,35.61,34.56,11.79,-4.52,-0.39,-8.4,-30.13,-5.59
11:51:42.380,6.98,26.8,25.27,24.07,1008.95,1009.07,24.54,352.86,36.03,34.85,14.77,-4.01,-0.66,-26.56,-22.71,-49.56
11:51:43.460,6.96,26.7,25.26,24.07,1008.91,1009.03,24.51,354.33,36.36,35.15,10.19,-2.12,-1.39,-36.48,-2.55,-46.15
11:51:44.538,6.98,26.8,25.26,24.07,1008.85,1009,24.49,353.59,36.95,35.45,11.76,-1.13,-0.08,-21.35,39.73,-28.63
11:51:45.610,7.01,26.7,25.25,24.07,1008.79,1008.95,24.47,353.23,37.45,35.87,9.44,-1,0.28,-21.85,20.36,7.68
11:51:46.687,6.99,26.7,25.24,24.06,1008.73,1008.91,24.48,353.59,37.95,36.23,9.46,-0.97,1.31,-39.75,11.47,7.71
11:51:47.763,7.02,26.7,25.23,24.06,1008.68,1008.86,24.49,353.59,38.29,36.62,8.13,0.18,0.64,-44.37,87.52,63.49
11:51:48.843,7.03,26.6,25.22,24.05,1008.61,1008.8,24.53,350.68,38.95,37.15,5.55,-2.67,0.49,-79.31,-34.58,34.36
11:51:49.922,7.05,26.6,25.21,24.05,1008.55,1008.73,24.58,349.97,39.45,37.69,6.9,-4.25,-0.2,-67.63,26.36,-56.85
11:51:51.3,7.05,26.6,25.2,24.04,1008.49,1008.67,24.64,348.89,39.96,38.21,16.26,-4.08,-0.88,-55.84,20.81,-44.93
11:51:52.81,7.05,26.6,25.19,24.04,1008.42,1008.61,24.68,346.77,40.37,38.73,11.53,-0.69,0.06,-35.67,50.2,-60.67
11:51:53.151,7.06,26.6,25.18,24.03,1008.38,1008.56,24.74,346.41,40.79,39.14,11,-0.61,1.15,18.84,60,8.18
11:51:54.229,7.08,26.6,25.17,24.03,1008.33,1008.5,24.78,345.71,41.29,39.64,9.16,-2.27,2.4,26.56,31.84,16.22
11:51:55.305,7.08,26.6,25.17,24.03,1008.27,1008.45,24.81,343.97,41.63,40.02,11.16,1.1,2.1,-17.87,22.5,16.48
11:51:56.381,7.09,26.6,25.16,24.02,1008.25,1008.42,24.85,343.28,41.71,40.31,10.88,-0.22,3.2,-11.21,-6.47,6.62
11:51:57.452,7.08,26.5,25.16,24.02,1008.24,1008.4,24.89,340.54,41.8,40.48,8.15,0.21,2.13,1.59,3.56,-6.51
11:51:58.534,7.08,26.6,25.15,24.02,1008.24,1008.38,24.92,340.88,41.8,40.63,9.33,-0.64,2.49,-14.78,10.27,-19.23
11:51:59.606,7.09,26.6,25.15,24.01,1008.23,1008.36,24.94,339.86,41.8,40.8,9.25,0.77,2.48,16.39,7.79,-6.55
11:52:00.681,7.06,26.6,25.15,24.01,1008.23,1008.35,24.96,340.2,41.8,40.88,9.71,0.64,2.03,-12.14,4.13,-7.74
11:52:01.752,7.06,26.6,25.15,24.01,1008.23,1008.34,24.98,339.19,41.88,40.98,9.99,0.41,2.25,7.19,8.1,-2.58
11:52:02.821,7.08,26.6,25.15,24.01,1008.22,1008.33,25,338.85,41.88,41.03,9.81,0.63,2,-9.07,6.55,-6.47
11:52:03.899,7.09,26.6,25.16,24.01,1008.23,1008.32,25.01,338.18,41.88,41.08,9.79,0.11,2.45,-0.29,6.64,-5.57
11:52:04.975,7.08,26.6,25.16,24.02,1008.23,1008.32,25.03,339.86,41.88,41.11,9.82,0.56,2.01,-2.34,6.62,-5.55
11:52:06.52,7.08,26.6,25.16,24.02,1008.22,1008.32,25.04,339.52,41.88,41.15,9.83,0.08,2.38,-7.66,6.65,-6.47
11:52:07.127,7.06,26.6,25.17,24.02,1008.22,1008.32,25.05,339.52,41.96,41.17,9.76,0.45,1.55,14.99,4.48,-3.65
11:52:08.200,7.09,26.6,25.17,24.02,1008.21,1008.31,25.06,337.51,42.13,41.18,7.8,-2.92,0.7,13.6,14.69,56.47
11:52:09.280,7.06,26.6,25.17,24.02,1008.19,1008.3,25.07,337.17,42.13,41.27,11.89,-4.31,-1.85,7.12,-10.31,-2.81
11:52:10.356,7.06,26.6,25.17,24.02,1008.2,1008.3,25.07,336.18,42.13,41.33,12.22,-2.89,1.93,3.75,29.29,-5.33
11:52:11.436,7.09,26.6,25.17,24.02,1008.19,1008.29,25.07,337.84,42.13,41.41,9.06,-1.74,1.41,-23.51,-23.33,-11.33
11:52:12.507,7.06,26.6,25.17,24.03,1008.18,1008.29,25.09,334.2,42.3,41.4,10.43,-4,-0.86,14.82,27.18,20.2
11:52:13.584,7.05,26.6,25.17,24.03,1008.17,1008.28,25.1,335.19,42.3,41.46,9.79,-1.87,1.62,-6.48,4.06,-35.15
11:52:14.657,7.08,26.6,25.18,24.03,1008.17,1008.28,25.1,334.53,42.3,41.48,9.86,-2.8,-0.12,0.08,5.9,13.38
11:52:15.734,7.11,26.6,25.18,24.03,1008.17,1008.27,25.11,333.55,42.3,41.53,9.32,-3.04,1.27,1.37,5.86,-16.97
11:52:16.810,7.06,26.6,25.18,24.03,1008.17,1008.28,25.11,333.22,42.3,41.45,9.53,-1.71,0.01,-3.87,4.75,-0.57
11:52:17.883,7.06,26.6,25.19,24.04,1008.17,1008.28,25.12,334.2,42.38,41.47,9.03,-3.5,1.19,3.21,11.19,-1.36
11:52:18.961,7.08,26.6,25.19,24.04,1008.17,1008.28,25.13,333.22,42.3,41.49,9.96,-1.8,0.25,-4.49,-1.78,-18.28
11:52:20.32,7.08,26.7,25.2,24.04,1008.18,1008.27,25.13,331.28,42.3,41.54,9.35,-3.11,0.87,3.95,16.45,8.38
11:52:21.110,7.09,26.7,25.2,24.04,1008.17,1008.27,25.13,331.93,42.3,41.52,10.12,-2.57,0.62,-6.94,-6.8,-21.29
11:52:22.182,7.09,26.7,25.21,24.05,1008.17,1008.27,25.13,331.28,42.3,41.51,9.73,-2.65,0.37,6.6,16.78,10.56
11:52:23.255,7.11,26.7,25.21,24.05,1008.18,1008.27,25.13,331.93,42.3,41.52,9.49,-2.79,1,-5.27,-5.32,-21.23
11:52:24.332,7.06,26.7,25.22,24.05,1008.18,1008.27,25.13,330.64,42.3,41.55,10.35,-2.47,0.26,2.88,13.79,5.78
11:52:25.406,7.11,26.7,25.22,24.06,1008.18,1008.28,25.13,331.61,42.3,41.5,9.48,-2.96,1.1,-3.16,2.51,-14.88
11:52:26.482,7.09,26.7,25.23,24.06,1008.17,1008.28,25.13,334.53,42.3,41.49,9.84,-2.33,0.31,-0.75,9.63,-0.46
11:52:27.559,7.09,26.7,25.23,24.06,1008.16,1008.28,25.13,330.32,42.38,41.5,9.11,-2.83,0.87,-2.66,6.42,-6.09
11:52:28.639,7.02,26.7,25.23,24.07,1008.25,1008.3,25.13,331.28,40.71,41.31,3.72,1.62,-4.16,-17.96,-57.61,-44.27
11:52:29.722,6.67,26.7,25.16,24.04,1008.53,1008.46,25.11,333.22,38.54,39.92,-9.92,19.6,-19.34,-246.04,-19.8,-88.88
11:52:30.795,6.95,26.6,25.11,24.02,1008.71,1008.6,25.09,333.88,37.53,38.82,5.4,3.46,1.75,45.11,-187.6,27.63
11:52:31.875,0,26.5,25.07,23.99,1008.82,1008.71,25.06,341.9,36.36,37.83,-2.54,1.98,-1.09,249.99,-249.99,-55.35
11:52:32.955,0,26.5,25.03,23.96,1008.89,1008.83,25.01,342.25,35.95,36.88,-1.07,-2.49,-5.08,-249.11,10.41,249.99
11:52:34.30,0,26.4,25.01,23.93,1008.99,1008.92,24.95,343.28,35.19,36.13,0.93,6.18,-5.17,15.77,107.7,-121.76
11:52:35.110,-0.02,26.4,25,23.91,1009.05,1008.97,24.91,345.71,34.86,35.73,-0.83,10.63,-9.8,-180.15,51.41,136.77
11:52:36.177,-0.02,26.4,25,23.89,1009.08,1009.02,24.86,345.01,34.69,35.27,0,7.35,-5.92,1.44,4.46,-8.63
11:52:37.247,0,26.4,25,23.88,1009.09,1009.06,24.8,344.67,34.53,34.96,0.02,7.33,-5.91,-2.59,6.35,-6.24
11:52:38.317,0,26.4,25,23.87,1009.11,1009.08,24.76,347.12,34.53,34.75,0.04,7.37,-5.85,-3.39,5.78,-5.03
11:52:39.392,0,26.4,25.01,23.87,1009.11,1009.11,24.73,346.41,34.44,34.55,0.12,7.45,-5.76,-5.05,7.64,-5.21
11:52:40.468,0.02,26.4,25.01,23.86,1009.11,1009.12,24.69,342.93,34.53,34.41,0.06,7.37,-5.88,-3.22,4.3,-4.09
11:52:41.544,0,26.4,25,23.86,1009.1,1009.13,24.66,341.22,34.69,34.33,-10.65,-0.34,-3.58,-125.33,10.5,138.63
11:52:42.624,0,26.4,24.99,23.85,1009.08,1009.13,24.63,344.32,34.78,34.35,-5.52,2.31,-2.61,-10.14,157.65,-15.19
11:52:43.705,-0.02,26.4,24.98,23.84,1009.07,1009.13,24.62,346.06,35.03,34.34,-5.34,2.93,-9.87,55.89,145.97,20.66
11:52:44.776,0,26.4,24.97,23.83,1009.04,1009.12,24.63,344.67,35.19,34.44,5.46,0.43,5.91,-14.05,66.41,-16.17
11:52:45.848,0,26.4,24.97,23.83,1009.03,1009.12,24.7,339.86,35.19,34.44,7.29,3.08,5.46,-53.3,47.07,53.5
11:52:46.925,0,26.4,24.97,23.82,1009.03,1009.12,24.84,336.51,35.11,34.41,8.01,-0.34,8.33,44.43,-105.92,4.82
11:52:47.998,0,26.4,24.97,23.82,1009.03,1009.12,25.04,335.19,35.11,34.44,8.17,-4.49,4.62,23.24,11.44,-5.93
11:52:49.74,0,26.4,24.97,23.82,1009.03,1009.12,25.25,333.88,35.11,34.42,9.14,-4.43,3.31,6.42,-14.97,-14.01
11:52:50.147,0,26.4,24.98,23.81,1009.03,1009.11,25.44,333.88,35.19,34.5,7.79,-4.17,6.65,2.18,11.97,-5.52
11:52:51.224,3.35,26.4,24.98,23.81,1009.02,1009.11,25.59,336.51,35.19,34.5,6.65,-4.2,6.46,-2.97,12.59,-5.33
11:52:52.302,-0.04,26.4,24.98,23.81,1009.02,1009.12,25.7,336.84,35.28,34.47,8.03,-4.69,5.6,-9.68,-25.49,-8.31
11:52:53.374,0,26.4,24.98,23.81,1009.02,1009.11,25.81,338.51,35.28,34.5,8.09,-4.83,6.11,-8.28,-2.07,-10.01
11:52:54.451,-0.02,26.4,24.98,23.81,1009.02,1009.11,25.89,335.85,35.28,34.52,8.29,-3.8,3.97,6.07,-40.25,-7.93
11:52:55.523,0,26.4,24.98,23.81,1009.01,1009.11,25.93,334.53,35.36,34.54,7.68,-1.66,6.41,36.67,49.54,-43.5
11:52:56.596,0,26.4,24.98,23.81,1009.01,1009.1,25.94,337.84,35.44,34.57,5.51,-1.39,8.26,1.83,11.82,11.02
11:52:57.672,-0.02,26.4,24.99,23.81,1009,1009.11,25.94,337.84,35.44,34.55,5.86,-0.09,8.79,-6.68,19.2,-18.41
11:52:58.744,0,26.5,24.99,23.81,1009,1009.11,25.92,340.88,35.44,34.56,6.83,0.54,6.97,49.25,-59.33,-17.75
11:52:59.816,0.02,26.5,24.99,23.81,1009,1009.1,25.88,341.9,35.36,34.6,6.39,-1.83,7.25,-22.6,-102.22,-3.87
11:53:00.889,0.32,26.5,25,23.81,1009,1009.09,25.83,342.25,35.36,34.65,4.47,-0.05,9.27,-5.84,-1.19,-7.79
11:53:01.961,5.59,26.5,25,23.81,1009,1009.09,25.79,342.59,35.36,34.67,2.04,-0.06,10.16,-1.14,19.74,-3.08
11:53:03.31,6.21,26.5,25,23.82,1009,1009.09,25.72,347.83,35.44,34.69,3.61,0.16,9.59,-3.77,16.96,-8.5
11:53:04.105,6.72,26.5,25.01,23.82,1009,1009.09,25.67,346.77,35.44,34.68,1.07,0.32,9.9,-3.31,14.72,-5.03
11:53:05.181,6.05,26.5,25.01,23.82,1009,1009.09,25.61,347.83,35.44,34.73,4.5,0.86,9.45,-2.36,4.21,-6.36
11:53:06.257,6.26,26.5,25.02,23.82,1008.99,1009.08,25.54,347.83,35.44,34.78,5.23,1.29,8.27,19.91,-43.42,45.04
11:53:07.332,6.02,26.5,25.02,23.83,1008.99,1009.07,25.48,349.25,35.44,34.84,6.36,1.52,8.09,-9.66,4.87,-2.14
11:53:08.411,6.16,26.5,25.02,23.83,1008.99,1009.08,25.43,349.97,35.53,34.76,7.3,-0.33,8.14,-19.06,13.15,-10.88
11:53:09.489,6.06,26.5,25.03,23.83,1008.99,1009.08,25.41,346.06,35.53,34.82,6.92,1.82,9.42,-11.3,-1.74,-0.93
11:53:10.560,6.22,26.5,25.03,23.84,1009,1009.07,25.46,348.54,35.44,34.83,5.54,1.08,7.84,-7.03,6.74,-1.75
11:53:11.635,6.32,26.5,25.04,23.84,1008.99,1009.08,25.54,348.18,35.44,34.82,6.19,1.23,7.96,-3.74,9.77,-4.08
11:53:12.708,6.28,26.5,25.04,23.85,1008.99,1009.07,25.61,348.54,35.53,34.84,5,3.47,6.64,45.88,10.4,-5.55
11:53:13.785,6.39,26.6,25.05,23.85,1008.98,1009.07,25.67,347.47,35.61,34.86,6.03,1.43,7.76,-15.87,0.43,-7.31
11:53:14.863,5.96,26.6,25.05,23.85,1008.98,1009.07,25.68,347.83,35.53,34.85,5.12,2.42,8.22,-8.26,-1.47,-25.65
11:53:15.938,5.92,26.6,25.06,23.86,1008.98,1009.07,25.66,350.33,35.53,34.87,5.87,3.82,6.72,-12.8,-1.26,-8.43
11:53:17.14,5.92,26.6,25.06,23.86,1008.98,1009.07,25.62,349.61,35.61,34.86,6.62,4.73,6.29,-3.76,8.03,-10.43
11:53:18.91,6.08,26.6,25.06,23.86,1008.98,1009.07,25.54,350.33,35.53,34.87,4.52,7.27,5.97,-1.62,5.36,-11.74
11:53:19.164,5.87,26.6,25.07,23.87,1009,1009.08,25.49,351.05,35.28,34.78,-1.76,7.8,1.47,69.47,-1.7,-46.25
11:53:20.244,5.57,26.6,25.07,23.87,1009.03,1009.09,25.42,351.05,35.11,34.67,3.88,-0.28,-8.11,55.56,190.51,14.14
11:53:21.320,5.57,26.6,25.05,23.86,1009.04,1009.1,25.33,352.5,35.03,34.63,3.56,0.66,-8.88,-45.55,13.69,-26.88
11:53:22.396,5.61,26.6,25.05,23.86,1009.05,1009.1,25.25,352.13,35.11,34.64,1.38,9.29,-3.6,-37.16,7.61,10.29
11:53:23.467,5.63,26.6,25.05,23.86,1009.04,1009.1,25.19,352.13,35.03,34.58,0.7,6.98,-6.92,18.41,9.83,6.97
11:53:24.545,5.64,26.6,25.06,23.86,1009.04,1009.11,25.12,353.23,35.03,34.56,2.15,2.79,-8.54,62.72,-8.91,25.54
11:53:25.620,5.63,26.6,25.06,23.86,1009.05,1009.11,25.07,351.05,35.03,34.53,1.69,3.53,-8.87,12.36,7.37,-4.25
11:53:26.697,5.64,26.6,25.06,23.86,1009.04,1009.11,25.02,353.59,35.03,34.5,1.18,2.96,-9.1,-0.96,-0.07,-9.09
11:53:27.773,5.63,26.6,25.07,23.86,1009.05,1009.12,24.98,353.23,34.86,34.46,1.79,3.12,-8.8,-1.01,-0.67,-6.58
11:53:28.850,5.64,26.6,25.07,23.86,1009.07,1009.13,24.94,352.13,34.86,34.39,1.74,3.02,-8.8,-2.29,9.95,-4.51
11:53:29.927,5.63,26.6,25.07,23.86,1009.06,1009.12,24.9,353.59,34.86,34.41,1.72,3.05,-8.83,-3.76,5.77,-6.22
11:53:31.1,5.64,26.6,25.07,23.87,1009.06,1009.13,24.87,353.23,34.94,34.36,1.71,3.02,-8.86,-3.52,6.57,-5.96
11:53:32.77,5.67,26.6,25.08,23.87,1009.06,1009.13,24.84,352.86,34.94,34.38,1.7,3.04,-8.83,-3.22,6.77,-5.77
11:53:33.153,5.66,26.6,25.08,23.87,1009.05,1009.13,24.82,351.77,35.03,34.4,1.73,3.05,-8.85,-3.36,6.58,-5.83
11:53:34.230,5.69,26.6,25.09,23.87,1009.05,1009.12,24.8,355.43,35.03,34.43,1.49,4.96,-9.16,-76.26,1.67,-24.18
11:53:35.306,5.82,26.6,25.09,23.88,1009.03,1009.11,24.79,352.86,35.11,34.5,1.05,11.74,-3.42,-13.26,28.59,39.9
11:53:36.378,5.73,26.6,25.09,23.88,1009.03,1009.1,24.77,351.41,35.19,34.57,4.1,8.13,1.81,-11.33,27.66,-6.9
11:53:37.451,5.66,26.6,25.09,23.88,1009.02,1009.1,24.75,352.5,35.28,34.62,6.68,7.47,0.2,7.02,7.91,-13.81
11:53:38.528,5.66,26.6,25.09,23.89,1009.01,1009.09,24.73,353.96,35.28,34.71,5.85,7.64,0.26,-0.22,34.2,-21.28
11:53:39.604,5.66,26.6,25.1,23.89,1009.02,1009.1,24.72,351.77,35.28,34.63,5.54,7.15,-4.01,45.78,44.56,-39.5
11:53:40.677,5.67,26.6,25.1,23.89,1009.02,1009.1,24.7,352.86,35.19,34.6,-0.95,6.06,-6.87,-2.5,2.28,-9.14
11:53:41.753,5.67,26.6,25.1,23.89,1009.02,1009.1,24.67,354.33,35.28,34.57,2.29,7.35,-5.15,-0.17,6.16,-11.72
11:53:42.827,5.69,26.6,25.1,23.89,1009.02,1009.1,24.63,353.23,35.28,34.61,1.12,7.33,-5.76,-3.09,6.54,-6.22
11:53:43.900,5.67,26.6,25.1,23.89,1009.02,1009.1,24.59,355.06,35.19,34.57,0.88,7.31,-5.85,-3.39,6.45,-6.02
11:53:44.974,5.67,26.6,25.1,23.89,1009.02,1009.11,24.53,355.8,35.19,34.55,0.95,7.27,-5.95,-3.34,6.74,-6.12
11:53:46.51,5.69,26.6,25.1,23.89,1009.03,1009.11,24.46,359.17,35.19,34.55,0.94,7.24,-5.88,-2.79,6.38,-6.06
11:53:47.123,5.66,26.6,25.1,23.89,1009.02,1009.11,24.4,359.93,35.28,34.56,0.87,7.32,-5.9,-4.84,6.45,-6.21
11:53:48.197,5.69,26.6,25.1,23.9,1009.02,1009.11,24.34,360.69,35.19,34.52,0.84,7.37,-5.79,-4.27,6.35,-6.21
11:53:49.276,5.67,26.5,25.09,23.9,1009.02,1009.11,24.29,360.31,35.19,34.52,0.74,7.76,-5.79,-13.98,5.25,-8.88
11:53:50.353,5.67,26.5,25.09,23.9,1009.03,1009.11,24.24,361.45,35.19,34.49,3.19,7.39,-6.23,-14.39,78.67,-22.44
11:53:51.428,5.63,26.5,25.08,23.9,1009.03,1009.11,24.19,360.69,35.19,34.5,10.46,4.44,-4.06,14.14,33.7,47.67
11:53:52.509,5.67,26.5,25.08,23.89,1009.02,1009.11,24.17,360.69,35.36,34.55,10.99,2.43,-2.72,19.33,43.58,-65.76
11:53:53.581,5.69,26.5,25.07,23.89,1009,1009.09,24.14,361.84,35.53,34.72,14.02,3.53,-1,52.64,-11.89,-46.01
11:53:54.657,5.7,26.5,25.06,23.89,1008.96,1009.07,24.13,364.15,35.78,34.86,9.76,2.56,-1.01,61.69,27.61,-13.42
11:53:55.733,5.67,26.4,25.04,23.89,1008.92,1009.04,24.11,362.99,36.2,35.15,6.43,0.8,-0.42,49.72,29.05,-27.39
11:53:56.806,5.67,26.4,25.03,23.88,1008.88,1009,24.12,361.07,36.61,35.44,14.7,3.99,1.78,46.81,4.58,-16.87
11:53:57.882,5.69,26.4,25.01,23.88,1008.83,1008.96,24.16,359.93,36.95,35.79,7.75,0.36,-0.66,86.19,-3.16,4.26
11:53:58.953,5.69,26.4,25,23.87,1008.79,1008.93,24.19,360.31,37.37,36.02,7.21,1.71,0.3,42.23,101.02,8.76
11:54:00.32,5.69,26.4,24.98,23.86,1008.73,1008.88,24.23,356.17,37.87,36.43,8.92,3.18,-1.17,71.5,67.68,-64.63
11:54:01.106,5.7,26.31,24.97,23.86,1008.68,1008.83,24.28,354.33,38.29,36.86,10.01,4.59,0.77,90.19,49.12,22.35
11:54:02.186,5.73,26.31,24.96,23.85,1008.64,1008.78,24.34,358.04,38.62,37.26,13.05,2.99,-0.91,61.78,16.72,110.59
11:54:03.267,5.73,26.31,24.95,23.85,1008.59,1008.74,24.42,351.77,39.2,37.59,14.17,2.29,-1.33,18.42,123.73,3.17
11:54:04.340,5.74,26.31,24.94,23.84,1008.52,1008.69,24.49,355.8,39.79,38.04,9.31,2.02,0.74,19.96,49.79,-13.88
11:54:05.420,5.76,26.31,24.93,23.84,1008.44,1008.63,24.55,351.77,40.37,38.55,9.28,2.7,-2.35,-31.31,100.59,-32.09
11:54:06.495,5.77,26.31,24.93,23.83,1008.39,1008.58,24.62,352.86,40.71,39,8.69,3.82,-0.5,-15.72,74.64,-0.79
11:54:07.575,6.08,26.21,24.92,23.83,1008.35,1008.53,24.68,348.54,41.13,39.37,17.33,8.21,6.63,27.37,-16.61,-0.66
11:54:08.653,5.77,26.21,24.92,23.83,1008.28,1008.46,24.74,348.54,41.71,39.96,2.93,2.61,0.09,90.73,-27.92,65.12
11:54:09.734,5.57,26.21,24.91,23.82,1008.22,1008.4,24.8,345.71,42.21,40.47,4.36,1.64,-0.09,-11.79,-68.05,-90.51
11:54:10.813,5.12,26.21,24.9,23.82,1008.18,1008.36,24.86,345.01,42.38,40.8,11.61,10.88,-6.73,43.75,11.23,-79.61
11:54:11.887,5.16,26.21,24.89,23.82,1008.16,1008.33,24.91,342.25,42.55,41.06,7.31,4.82,-4.6,-8.78,7.68,-1.45
11:54:12.964,5.16,26.21,24.89,23.81,1008.16,1008.3,24.96,342.59,42.55,41.26,6.89,4.82,-4.79,0.91,9.45,-4.02
11:54:14.41,5.2,26.21,24.89,23.81,1008.15,1008.29,24.99,338.85,42.55,41.38,6.95,4.73,-4.69,-3.76,8.03,-5.41
11:54:15.116,5.18,26.31,24.9,23.81,1008.15,1008.28,25.03,338.18,42.46,41.49,6.92,4.65,-4.91,-1.28,3.62,-6.99
11:54:16.190,5.2,26.21,24.9,23.81,1008.16,1008.26,25.07,333.88,42.46,41.6,7.48,4.36,-4.13,-1.46,4.93,-7.14
11:54:17.263,5.2,26.31,24.91,23.81,1008.15,1008.25,25.1,331.61,42.55,41.7,7.01,4.33,-4.68,-3.41,8.3,-5.94
11:54:18.343,5.23,26.31,24.91,23.81,1008.15,1008.25,25.13,331.61,42.55,41.71,7.61,4.54,-3.75,-11.79,4.96,-3.24
11:54:19.422,5.22,26.31,24.92,23.81,1008.15,1008.25,25.15,329.68,42.63,41.73,9.12,3.93,-0.82,-26.82,29.82,4.43
11:54:21.579,5.22,26.31,24.92,23.82,1008.14,1008.24,25.2,326.53,42.71,41.83,11.12,2.96,-0.53,-33.86,3.94,-37.31
11:54:22.652,5.22,26.31,24.93,23.82,1008.14,1008.24,25.22,326.84,42.71,41.8,9.07,2.46,0.01,4.4,5.72,38.66
11:54:23.733,5.2,26.31,24.93,23.82,1008.14,1008.23,25.24,328.42,42.63,41.84,10.17,1.92,-0.48,-12.51,-0.7,-38.82
11:54:24.804,5.2,26.31,24.93,23.83,1008.15,1008.24,25.25,330.96,42.63,41.82,9.08,3.38,-0.09,-3,4.36,13.98
11:54:25.885,5.23,26.31,24.94,23.83,1008.14,1008.23,25.26,329.68,42.63,41.86,9.18,0.77,-0.34,-3.2,13.53,-11.73
11:54:26.961,5.22,26.31,24.95,23.83,1008.15,1008.24,25.27,331.61,42.55,41.81,9.24,3.77,0.28,-10.59,6.9,-28.97
11:54:28.32,5.2,26.4,24.95,23.84,1008.16,1008.24,25.28,330,42.46,41.79,10.04,1.43,-1.24,6.04,7.11,12.22
11:54:29.109,5.25,26.4,24.96,23.84,1008.16,1008.24,25.29,329.05,42.38,41.78,9.58,2.69,0.09,-9.47,8.25,-21.44
11:54:30.186,5.25,26.4,24.96,23.84,1008.17,1008.24,25.29,327.16,42.46,41.8,9.55,2.64,-0.78,4.65,12.92,12.58
11:54:31.262,5.23,26.4,24.97,23.85,1008.16,1008.23,25.29,329.68,42.46,41.85,9.79,1.94,0.03,-11.43,6.94,-19.61
11:54:32.333,5.26,26.4,24.98,23.85,1008.17,1008.24,25.3,326.53,42.38,41.79,9.27,2.85,-0.4,9.14,5.72,8.01
11:54:33.411,5.25,26.4,24.98,23.85,1008.17,1008.24,25.32,328.1,42.38,41.78,9.73,2.04,-0.38,-9.4,4.75,-17.11
11:54:34.483,5.26,26.4,24.99,23.86,1008.17,1008.24,25.33,327.47,42.38,41.81,9.62,2.61,-0.27,6.55,7.79,0.08
11:54:35.556,5.25,26.4,25,23.86,1008.17,1008.25,25.33,327.16,42.46,41.75,9.72,2.47,-0.46,-2.81,5.24,-9.97
11:54:36.625,5.26,26.4,25,23.87,1008.16,1008.25,25.33,327.78,42.46,41.73,9.59,2.44,-0.42,2,10.03,-1.95
11:54:37.700,5.25,26.4,25.01,23.87,1008.16,1008.24,25.33,327.16,42.46,41.76,9.56,2.33,-0.24,4.06,8.6,-6.12
11:54:38.776,5.26,26.4,25.02,23.88,1008.17,1008.25,25.34,326.84,42.38,41.75,9.47,2.71,-0.55,-1.9,5.91,-10.08
11:54:39.849,5.26,26.4,25.02,23.88,1008.17,1008.24,25.34,326.22,42.38,41.77,9.72,2.1,-0.15,5.7,12.8,0.41
11:54:40.927,5.25,26.4,25.03,23.89,1008.17,1008.24,25.35,326.53,42.46,41.76,9.65,2.87,-0.56,-0.2,1.57,-15.91
11:54:42.1,5.26,26.4,25.03,23.89,1008.16,1008.23,25.34,328.73,42.46,41.84,9.73,2.21,-0.27,1.85,16.95,4.28
11:54:43.78,5.28,26.4,25.04,23.9,1008.16,1008.23,25.34,326.84,42.38,41.85,9.03,2.39,-0.31,1.21,-3.28,-16.86
11:54:44.154,5.2,26.5,25.03,23.89,1008.27,1008.29,25.34,327.16,40.37,41.34,0.32,3.28,-5.17,14.77,-25.59,-26.4
11:54:45.230,5.05,26.4,24.98,23.86,1008.54,1008.47,25.32,331.93,38.54,39.87,1.26,-3,-6.03,-38.47,1.05,84.43
11:54:46.311,5.18,26.4,24.94,23.84,1008.7,1008.6,25.28,333.88,37.37,38.76,-0.29,2.96,-2.17,-61.88,-28.77,-25.98
11:54:47.394,5.84,26.31,24.9,23.82,1008.83,1008.72,25.25,337.84,36.36,37.79,19.6,19.45,-17.71,249.99,99.75,-234.05
11:54:48.469,5.46,26.31,24.87,23.8,1008.9,1008.82,25.2,340.54,36.11,36.94,-1.99,6.08,-3.73,-73.07,66.31,20.85
11:54:49.548,4.74,26.31,24.86,23.79,1008.94,1008.9,25.15,342.59,35.78,36.32,2.89,1.96,-0.18,41.66,-18.5,-23.13
11:54:50.624,4.82,26.31,24.86,23.78,1008.98,1008.95,25.1,347.47,35.44,35.89,1.11,7.74,-2.99,3.5,-0.77,-9.95
11:54:51.697,4.85,26.31,24.86,23.77,1009,1008.99,25.07,345.71,35.36,35.55,0.61,8.93,-2.53,-6.83,7.01,-5.16
11:54:52.775,4.86,26.31,24.87,23.76,1009.02,1009.02,25.04,348.18,35.28,35.31,0.62,8.99,-3.34,-1.81,6.78,-5.72
11:54:53.846,4.87,26.31,24.87,23.75,1009.03,1009.04,25.01,347.12,35.28,35.07,0.6,9,-2.73,-2.78,6.3,-6.68
11:54:54.923,4.87,26.31,24.87,23.75,1009.03,1009.07,24.99,346.77,35.19,34.9,0.6,8.99,-3.14,-5.04,6.44,-6.41
11:54:55.995,4.97,26.31,24.87,23.74,1009.03,1009.08,24.97,349.61,35.19,34.75,0.33,9.2,-2.45,-16.82,6,-9.5
11:54:57.74,4.95,26.31,24.87,23.73,1009.02,1009.08,24.97,347.12,35.28,34.74,0.88,8.76,3.05,-31.68,6.13,-0.97
11:54:58.149,5.16,26.31,24.87,23.73,1009.01,1009.08,24.97,348.54,35.28,34.74,1.19,8.92,4.55,-0.73,5.47,-6.09
11:54:59.224,5.18,26.31,24.87,23.73,1009.01,1009.09,24.97,346.77,35.36,34.71,4.26,8.06,2.6,32.84,30.49,-4.96
11:55:00.304,5.25,26.31,24.87,23.72,1008.99,1009.08,24.97,347.83,35.7,34.76,1.31,7.25,6.43,-73.02,-10.57,-31.61
11:55:01.379,5.18,26.31,24.86,23.71,1008.94,1009.05,24.98,347.12,36.03,35.02,0.17,0.1,10.48,0.23,0.42,-61.45
11:55:02.456,5.15,26.31,24.86,23.71,1008.91,1009.03,24.99,349.61,36.2,35.23,-1.4,2.81,10.61,-18.86,4.87,-4.15
11:55:03.529,5.05,26.31,24.86,23.7,1008.89,1009,24.99,348.18,36.28,35.41,0.46,-2.81,9.53,-5.45,-3.74,-7.21
11:55:04.607,5.2,26.31,24.86,23.7,1008.89,1008.99,25.04,349.61,36.36,35.53,1.48,-1.77,9.57,-14.08,11.52,-2.65
11:55:05.678,5.07,26.31,24.86,23.7,1008.88,1008.99,25.1,349.97,36.45,35.56,1.51,-3.01,9.74,-7.99,1.63,1.5
11:55:06.756,5.03,26.31,24.86,23.69,1008.88,1008.97,25.13,348.18,36.45,35.66,1.65,-2.94,9.68,-0.82,8.03,-7.05
11:55:07.832,5.05,26.31,24.86,23.69,1008.88,1008.97,25.18,350.33,36.45,35.72,1.64,-3.44,9.42,-4.07,5.68,-7.35
11:55:08.906,5.02,26.31,24.86,23.69,1008.88,1008.96,25.2,349.61,36.45,35.75,1.89,-3.08,9.7,-2.47,7.48,-7.38
11:55:09.983,5.02,26.31,24.87,23.69,1008.88,1008.96,25.22,348.18,36.45,35.78,1.55,-3.02,9.6,-3.32,6.55,-5.99
11:55:11.59,5.02,26.31,24.87,23.69,1008.88,1008.96,25.24,348.18,36.45,35.8,1.93,-3.21,9.55,-3.56,6.12,-5.85
11:55:12.135,5.02,26.31,24.87,23.69,1008.87,1008.96,25.25,350.33,36.45,35.81,1.79,-3.05,9.67,-4.31,6.83,-5.87
11:55:13.207,5,26.31,24.88,23.69,1008.88,1008.95,25.25,348.89,36.45,35.85,1.34,-3.17,9.26,-1.65,3.16,-3.59
11:55:14.285,4.99,26.31,24.88,23.7,1008.88,1008.96,25.25,347.47,36.53,35.81,1.85,-3.58,9.25,-2.72,6.37,-0.62
11:55:15.354,5,26.4,24.88,23.7,1008.87,1008.95,25.25,351.41,36.53,35.85,1.36,-2.91,9.75,-4.6,6.3,-7.63
11:55:16.428,4.99,26.4,24.89,23.7,1008.87,1008.95,25.25,348.54,36.53,35.86,2.16,-3.2,9.24,-4.19,5.96,-7.71
11:55:17.501,5,26.4,24.9,23.71,1008.86,1008.95,25.24,351.05,36.53,35.9,1.88,-3.27,9.33,-3.43,2.85,-2.23
11:55:18.574,5,26.4,24.9,23.71,1008.87,1008.95,25.23,348.89,36.53,35.89,2.31,-3.53,9.46,2.43,8.29,-6.35
11:55:19.647,5.02,26.4,24.91,23.72,1008.86,1008.95,25.22,351.41,36.53,35.87,1.91,-3.54,8.38,0.53,7,-7.92
11:55:20.721,5.09,26.4,24.91,23.72,1008.88,1008.96,25.21,351.77,36.2,35.77,1.32,2.71,9.92,23.12,5.76,-2.46
11:55:21.794,5.02,26.4,24.92,23.73,1008.92,1008.98,25.19,351.41,35.95,35.59,1.48,3.25,9.1,3.95,6.68,-10.93
11:55:22.866,4.92,26.4,24.92,23.73,1008.94,1009,25.17,348.89,35.78,35.46,1.35,3.11,8.94,0.16,6.01,-10.79
11:55:23.940,5,26.4,24.92,23.73,1008.95,1009.01,25.17,349.97,35.78,35.34,0.67,4.2,8.42,-7.47,13.26,-6.09
11:55:25.14,5.1,26.4,24.93,23.74,1008.97,1009.03,25.17,348.89,35.7,35.23,2.81,4.05,8.95,-5.51,2.15,13.65
11:55:26.91,5.03,26.4,24.93,23.74,1008.97,1009.04,25.18,348.89,35.78,35.14,2.65,4.45,8.41,-2.23,-16.48,20.32
11:55:27.167,4.95,26.4,24.93,23.74,1008.96,1009.04,25.18,347.12,35.7,35.15,7.97,4.22,5.36,4.78,-12.24,-3.29
11:55:28.240,4.92,26.4,24.93,23.75,1008.97,1009.04,25.17,347.83,35.61,35.1,6.72,4.24,6.04,6.34,8.06,-26.97
11:55:29.315,4.66,26.4,24.93,23.75,1008.98,1009.06,25.15,349.97,35.44,34.93,-1.3,7.8,-3.99,101.3,-15.7,8.38
11:55:30.397,4.52,26.4,24.92,23.74,1009.01,1009.08,25.12,351.05,35.28,34.8,0.83,-4.25,-3.66,-119.47,178.11,-6.34
11:55:31.476,4.61,26.4,24.92,23.74,1009.03,1009.09,25.08,351.77,35.19,34.69,0.24,4.82,-8.16,-28.05,-1.46,-8.64
11:55:32.555,4.61,26.4,24.92,23.74,1009.03,1009.1,25.02,353.23,35.19,34.63,2.03,7.58,-5.39,-22.99,-0.35,-21.84
11:55:33.630,4.53,26.4,24.92,23.74,1009.03,1009.1,24.98,353.59,35.19,34.61,1.24,7.83,-4.42,13.39,2.82,-9.53
11:55:34.706,4.56,26.4,24.92,23.74,1009.03,1009.1,24.93,354.69,35.19,34.6,1.04,8.44,-4.64,-17.16,5.82,-9.57
11:55:35.780,4.53,26.4,24.92,23.74,1009.03,1009.1,24.88,352.5,35.19,34.57,-0.12,7.92,-4.81,5.09,5.39,-6.89
11:55:36.856,4.54,26.4,24.92,23.74,1009.03,1009.11,24.85,351.41,35.11,34.55,0.67,8.37,-4.25,-9.33,7.06,-5.55
11:55:37.929,4.54,26.4,24.92,23.74,1009.03,1009.1,24.81,351.77,35.19,34.58,0.46,8.15,-5.04,-2.38,7.3,-5.39
11:55:39.6,4.56,26.4,24.93,23.74,1009.03,1009.11,24.79,357.67,35.19,34.53,0.49,8.32,-4.31,-0.72,6.55,-5.82
11:55:40.81,4.56,26.4,24.93,23.74,1009.02,1009.1,24.76,353.59,35.19,34.57,0.44,8.24,-4.64,-7.02,6.6,-5.99
11:55:41.153,4.57,26.4,24.93,23.74,1009.02,1009.1,24.74,354.69,35.19,34.59,0.44,8.23,-4.67,-0.91,6.6,-5.6
11:55:42.228,4.57,26.4,24.93,23.74,1009.02,1009.1,24.7,355.43,35.28,34.59,0.44,8.29,-4.47,-3.93,6.58,-5.92
11:55:43.303,4.57,26.4,24.93,23.74,1009.03,1009.1,24.67,357.29,35.28,34.61,0.48,8.26,-4.64,-4.22,6.53,-5.95
11:55:44.376,4.56,26.4,24.94,23.74,1009.02,1009.1,24.64,354.69,35.28,34.6,0.45,8.27,-4.54,-2.18,6.58,-5.89
