12:33:37.898,7.86,26.6,25.18,24.04,1007.74,1007.82,24.84,327.47,45.98,45.29,9.08,3.67,-1.4,-8.1,16.46,-8.32
12:33:38.973,7.87,26.6,25.18,24.04,1007.74,1007.83,24.83,325.91,45.98,45.24,9.05,2.95,-1.69,10.73,7.32,-4.7
12:33:40.51,7.87,26.6,25.19,24.05,1007.74,1007.83,24.83,329.05,45.98,45.24,9.09,3.33,-2.08,-4.13,10.3,-12.59
12:33:41.121,7.89,26.6,25.19,24.05,1007.75,1007.83,24.81,329.37,45.89,45.2,9.2,3.63,-1.59,5.27,8.23,-4.85
12:33:42.198,7.89,26.7,25.2,24.06,1007.75,1007.83,24.81,326.22,45.89,45.21,9.18,3.1,-1.85,2.91,2.53,-7.69
12:33:43.273,7.89,26.7,25.21,24.07,1007.75,1007.84,24.81,327.16,45.89,45.14,8.92,3.38,-1.76,-1.87,4.91,-11.74
12:33:44.344,7.91,26.7,25.22,24.07,1007.75,1007.84,24.8,327.47,45.89,45.13,8.77,3.3,-1.74,4.49,9.15,-3.02
12:33:45.423,7.89,26.7,25.23,24.08,1007.75,1007.84,24.8,328.73,45.81,45.11,6.39,2.21,-1.32,-5.36,7.39,-10.95
12:33:46.503,7.79,26.7,25.22,24.08,1007.84,1007.89,24.79,326.53,44.22,44.75,0.14,3.28,-6.64,14.53,-24.43,-23.33
12:33:47.581,7.32,26.7,25.19,24.06,1008.09,1008.01,24.77,326.84,42.3,43.68,2.51,1.13,0.27,72.58,-141.67,-52.23
12:33:48.659,7.68,26.6,25.15,24.04,1008.28,1008.15,24.74,327.78,40.71,42.54,-1.3,1.55,-7.85,106.06,90.09,-12.24
12:33:49.737,7.76,26.6,25.14,24.04,1008.4,1008.28,24.71,326.84,40.04,41.46,2.67,3.68,-2.29,-81.66,21.68,-67.85
12:33:50.813,7.68,26.6,25.13,24.03,1008.42,1008.38,24.68,326.53,39.79,40.6,2.36,1.04,-7.61,84.57,22.33,35.9
12:33:51.890,7.71,26.6,25.12,24.02,1008.52,1008.47,24.65,326.53,39.2,39.9,1.14,5.97,-9.64,-8.37,-11.94,-7.72
12:33:52.962,7.74,26.6,25.12,24.01,1008.57,1008.53,24.62,326.53,38.95,39.38,1,4.16,-4.95,8.42,3.2,-14.52
12:33:54.31,7.74,26.5,25.12,24,1008.59,1008.58,24.59,325.29,38.7,38.97,1.74,3.31,-8.87,3.17,9.06,-1
12:33:55.106,7.74,26.5,25.12,24,1008.62,1008.61,24.56,327.47,38.62,38.68,1.72,3.46,-8.68,-2.04,5.05,-2.34
12:33:56.181,7.74,26.5,25.12,23.99,1008.63,1008.63,24.55,325.91,38.62,38.52,1.54,3.18,-8.73,-7.12,7.23,-6.29
12:33:57.259,7.77,26.5,25.12,23.99,1008.61,1008.65,24.53,325.6,38.79,38.4,8.54,5.63,-5.03,-19.05,30.2,10.27
12:33:58.329,7.79,26.5,25.12,23.98,1008.59,1008.65,24.51,327.16,38.87,38.4,7.8,3.66,-3.29,2.66,7.01,3.98
12:33:59.409,7.79,26.5,25.12,23.98,1008.58,1008.65,24.49,326.53,38.95,38.39,8.27,3.64,-3.43,-23.76,-6.21,-7.62
12:34:00.482,7.76,26.5,25.12,23.98,1008.59,1008.65,24.47,327.78,38.95,38.4,7.26,4.13,-3.18,-1.96,8.5,25.37
12:34:01.560,7.77,26.5,25.12,23.98,1008.58,1008.65,24.46,328.1,38.95,38.4,8.05,3.52,-3.59,-33.83,7.42,-12.29
12:34:02.639,7.73,26.5,25.12,23.98,1008.59,1008.66,24.45,326.22,38.79,38.32,4.09,4.33,-6.27,46.68,-25.42,-40.52
12:34:03.714,7.73,26.5,25.11,23.97,1008.61,1008.67,24.45,326.22,38.62,38.2,3.05,2.83,-8.2,-0.93,7.76,-12.99
12:34:04.792,7.76,26.5,25.11,23.97,1008.62,1008.68,24.45,326.84,38.62,38.12,1.78,3.24,-8.96,-10.79,-1.36,-8.8
12:34:05.863,7.73,26.5,25.11,23.97,1008.63,1008.69,24.47,325.6,38.54,38.04,2.09,3.36,-8.89,5.98,2.41,-3.9
12:34:06.936,7.73,26.5,25.11,23.96,1008.63,1008.69,24.48,327.47,38.54,38.02,1.56,3.2,-8.77,0.91,7.84,-4.81
12:34:08.9,7.74,26.5,25.12,23.96,1008.64,1008.7,24.5,324.98,38.45,37.92,1.55,3.23,-9.15,-0.39,5.39,-5.83
12:34:09.87,7.71,26.5,25.12,23.96,1008.64,1008.71,24.51,326.22,38.45,37.84,1.64,3.13,-8.79,-3.23,6.54,-5.91
12:34:10.161,7.73,26.5,25.12,23.96,1008.63,1008.72,24.52,324.36,38.45,37.8,1.65,3.14,-8.8,-2.85,6.42,-5.78
12:34:11.238,7.71,26.5,25.12,23.96,1008.64,1008.72,24.53,324.36,38.45,37.8,1.64,3.15,-8.81,-3.13,6.45,-5.86
12:34:12.308,7.71,26.6,25.12,23.96,1008.64,1008.72,24.53,326.22,38.45,37.81,1.66,3.16,-8.8,-3,6.54,-5.8
12:34:13.386,7.71,26.5,25.13,23.96,1008.64,1008.73,24.53,327.78,38.45,37.72,1.63,3.16,-8.8,-3.03,6.48,-5.77
12:34:14.468,7.71,26.5,25.13,23.96,1008.64,1008.72,24.51,328.42,38.45,37.76,1.64,3.16,-8.82,-2.97,6.61,-5.8
12:34:15.534,7.68,26.5,25.12,23.96,1008.64,1008.72,24.48,329.05,38.54,37.78,1.64,3.15,-8.79,-3,6.48,-5.84
12:34:16.610,7.71,26.5,25.12,23.96,1008.63,1008.72,24.43,331.28,38.45,37.79,1.65,3.16,-8.81,-2.94,6.61,-5.74
12:34:17.687,7.68,26.5,25.12,23.97,1008.64,1008.72,24.38,330.96,38.54,37.8,7.17,3.08,-6.18,-69.78,3.76,-9.91
12:34:18.768,7.68,26.5,25.12,23.97,1008.63,1008.71,24.35,332.25,38.62,37.83,7.92,4.86,-3.74,16.84,20.87,12.77
12:34:19.840,7.68,26.5,25.12,23.97,1008.6,1008.7,24.32,330.32,39.04,37.97,11.24,2.45,-0.71,23.41,47.04,20.87
12:34:20.918,7.7,26.5,25.11,23.96,1008.53,1008.65,24.29,332.9,39.62,38.39,13.78,7.01,-6.27,5.56,30.01,-1.34
12:34:21.994,7.73,26.5,25.1,23.96,1008.47,1008.61,24.28,331.93,40.12,38.69,13.65,5.07,-4.53,18.54,-34.21,-34.99
12:34:23.70,7.73,26.5,25.09,23.95,1008.41,1008.56,24.28,328.73,40.54,39.1,8.91,3.07,-3.52,9.3,-30.64,-26.88
12:34:24.146,7.74,26.4,25.08,23.95,1008.35,1008.5,24.28,329.37,41.13,39.59,9.04,1,-1.37,-28.73,-54.34,29.87
12:34:25.222,7.74,26.4,25.07,23.95,1008.26,1008.43,24.3,328.1,41.96,40.2,4.17,1.96,-3.11,-83.86,-68.41,-82.78
12:34:26.303,7.77,26.4,25.05,23.94,1008.18,1008.35,24.33,329.37,42.71,40.88,11.67,3.89,-4.91,-14.57,-32.24,30.76
12:34:27.381,7.79,26.4,25.04,23.93,1008.09,1008.28,24.37,330,43.38,41.46,10.08,2.64,-4.58,-17.94,-43.58,-58.27
12:34:28.458,7.77,26.4,25.03,23.93,1008.01,1008.2,24.4,329.37,43.97,42.13,5.96,2.65,-1.61,0.69,-28.84,-15.73
12:34:29.536,7.81,26.4,25.03,23.93,1007.96,1008.13,24.43,329.05,44.3,42.71,11.88,1.39,-1.38,81.76,-53.97,80.49
12:34:30.612,7.79,26.4,25.02,23.92,1007.89,1008.06,24.45,330,44.97,43.28,12.82,4.61,-1.33,73.14,-20.88,62.3
12:34:31.684,7.76,26.4,25.02,23.92,1007.81,1008,24.46,328.42,45.56,43.82,8.6,4.52,-4.03,50.93,-25.56,46.08
12:34:32.766,7.81,26.4,25.01,23.92,1007.77,1007.95,24.48,332.25,45.73,44.21,5.82,1.57,-5.43,-48.21,42.61,-66.12
12:34:33.843,7.81,26.4,25.01,23.91,1007.76,1007.92,24.51,329.05,45.89,44.49,6.47,3.88,-5.77,-4.58,20.07,-19.03
12:34:34.920,7.81,26.4,25.01,23.91,1007.74,1007.89,24.54,329.05,45.98,44.69,7.04,3.8,-5.18,-6.54,1.87,-6.64
12:34:35.996,7.79,26.4,25.01,23.91,1007.74,1007.88,24.57,329.05,46.06,44.83,7.3,4.21,-5.25,-0.07,8.61,-13.77
12:34:37.64,7.81,26.4,25.02,23.91,1007.73,1007.87,24.6,330,45.98,44.9,7.27,4.06,-4.92,-8.58,7.1,0.05
12:34:38.139,7.79,26.4,25.02,23.92,1007.74,1007.86,24.63,327.47,46.06,45,7.3,3.95,-4.89,1.62,10.11,-9.33
12:34:39.216,7.81,26.4,25.03,23.92,1007.72,1007.85,24.65,326.84,46.06,45.04,7.28,3.97,-4.95,-5.83,3.27,-2.66
12:34:40.290,7.79,26.4,25.03,23.92,1007.72,1007.84,24.67,329.05,46.14,45.13,7.88,3.9,-4.53,1.01,-0.3,-12.27
12:34:41.367,7.79,26.4,25.03,23.92,1007.72,1007.84,24.7,327.47,46.14,45.16,8.01,3.76,-3.67,-5.67,16.48,-4.07
12:34:42.444,7.81,26.4,25.04,23.93,1007.72,1007.84,24.71,325.91,45.98,45.15,7.76,3.46,-3.89,-1.54,-2.22,-9.92
12:34:43.520,7.79,26.4,25.04,23.93,1007.73,1007.84,24.72,328.42,46.06,45.16,7.25,3.93,-4.46,-8.56,8.46,-4.49
12:34:44.596,7.81,26.4,25.05,23.93,1007.73,1007.84,24.74,325.91,46.06,45.11,7.85,3.82,-5.45,6.78,10.48,-5.06
12:34:45.677,7.82,26.4,25.05,23.94,1007.73,1007.85,24.75,327.47,46.06,45.08,7.61,2.61,-4.83,-21.18,39.13,12.75
12:34:46.751,7.82,26.4,25.06,23.95,1007.72,1007.83,24.77,326.84,46.14,45.19,7.49,2.75,-1.49,25.8,-6.37,-14.73
12:34:47.830,7.82,26.5,25.06,23.95,1007.72,1007.83,24.77,324.67,46.14,45.19,7.77,2.86,-1.94,-7.91,22.06,-17.3
12:34:48.901,7.87,26.5,25.06,23.95,1007.72,1007.83,24.79,325.6,46.14,45.22,7.95,2.51,0.2,-15.23,3.07,0.52
12:34:49.979,7.86,26.5,25.07,23.96,1007.72,1007.83,24.79,326.53,46.14,45.2,8.91,3.64,-3.86,6.71,-6.19,-9.04
12:34:51.55,7.84,26.5,25.08,23.96,1007.72,1007.83,24.79,324.05,46.14,45.2,9.32,3.51,-1.2,-34.15,43.86,12.05
12:34:52.133,7.86,26.5,25.08,23.96,1007.72,1007.83,24.8,324.67,46.14,45.19,9.15,2.23,-0.71,-14.47,-28.75,-28.68
12:34:53.204,7.86,26.5,25.09,23.97,1007.72,1007.83,24.8,326.53,46.14,45.21,7.62,4.38,-2.56,6.81,10.31,6.16
12:34:54.281,7.87,26.5,25.09,23.97,1007.72,1007.83,24.8,325.6,46.14,45.22,8.84,2.28,-1.14,-13.19,14.36,4.46
12:34:55.353,7.86,26.5,25.1,23.98,1007.72,1007.84,24.8,325.29,46.06,45.17,9.22,3.41,-1.79,-2.68,3.14,-7.26
12:34:56.427,7.84,26.5,25.1,23.98,1007.72,1007.83,24.8,326.22,46.14,45.19,8.97,4.09,-1.12,12.6,16.01,8.66
12:34:57.503,7.86,26.5,25.11,23.99,1007.72,1007.84,24.8,322.82,46.14,45.18,10.03,3.48,-2.24,6.42,-15.65,-7.6
12:34:58.578,7.89,26.5,25.11,23.99,1007.72,1007.84,24.8,324.98,46.14,45.15,8.6,3.58,-2.17,9.81,8.83,9.9
12:34:59.649,7.89,26.5,25.12,24,1007.72,1007.84,24.79,324.98,46.06,45.16,8.39,2.6,-0.36,5.04,12.44,6.49
12:35:00.723,7.86,26.5,25.13,24,1007.73,1007.84,24.81,323.13,45.98,45.15,9.09,3.13,-2.21,15.97,-4.8,-2.62
12:35:01.795,7.87,26.6,25.14,24,1007.74,1007.84,24.8,324.36,46.06,45.11,9.08,3.63,-2.08,-7.39,21.54,-2.41
12:35:02.872,7.86,26.6,25.14,24.01,1007.73,1007.84,24.8,324.98,45.98,45.14,9.22,3.47,-1.27,15.34,2.69,-3.28
12:35:03.943,7.71,26.6,25.13,24,1007.82,1007.89,24.79,324.67,44.39,44.75,0,3.1,-6.56,3.61,-36.39,-40.51
12:35:05.24,14.35,26.6,25.1,23.99,1008.02,1008,24.78,327.16,42.63,43.77,-7.53,17.63,-9.12,-37.47,66.75,-76.09
12:35:06.104,7.68,26.5,25.06,23.97,1008.25,1008.15,24.75,328.1,40.71,42.58,1.14,2.65,-7.15,131.04,59.74,-12.24
12:35:07.183,7.73,26.5,25.05,23.96,1008.42,1008.28,24.72,327.47,39.96,41.43,3.19,3.34,-1.51,-79.24,14.08,-73.67
12:35:08.256,7.68,26.5,25.03,23.95,1008.51,1008.39,24.68,329.68,39.2,40.52,10.63,-3,-11.97,92.37,156.43,5.12
12:35:09.335,7.7,26.4,25.02,23.94,1008.58,1008.47,24.64,329.37,38.87,39.87,0.22,4.14,-5.27,-37.27,19.1,-39.62
12:35:10.410,7.73,26.4,25.02,23.93,1008.6,1008.52,24.58,334.2,38.7,39.42,-0.26,7.87,-4.38,17.51,11.96,-7.48
12:35:11.482,7.7,26.4,25.02,23.92,1008.62,1008.57,24.51,333.55,38.45,39.02,1.89,4,-8.29,33.59,0.21,18.06
12:35:12.556,7.7,26.4,25.02,23.92,1008.64,1008.6,24.45,333.22,38.37,38.75,1.29,3.19,-8.58,-6.24,8.59,-1.08
12:35:13.635,7.68,26.4,25.02,23.91,1008.66,1008.64,24.4,333.55,38.29,38.49,1.64,3.38,-8.71,-6.33,5.13,-6.38
12:35:14.713,7.68,26.4,25.02,23.91,1008.65,1008.66,24.36,336.18,38.45,38.28,4.71,5.15,-8.43,-21.05,40.58,-2.19
12:35:15.786,7.7,26.4,25.02,23.91,1008.63,1008.67,24.31,336.18,38.54,38.21,7.99,4.73,-2.75,-0.77,15.59,-0.21
12:35:16.864,7.7,26.4,25.02,23.91,1008.62,1008.67,24.27,337.51,38.62,38.22,7.69,4.31,-3.16,29.24,12.7,-25.29
12:35:17.938,7.73,26.4,25.02,23.9,1008.61,1008.67,24.23,337.17,38.79,38.16,8.05,3.98,-4.33,-1.7,7.28,15.59
12:35:19.12,7.71,26.4,25.02,23.9,1008.6,1008.67,24.23,335.19,38.87,38.18,7.99,3.59,-3.67,-31.62,-6.38,2.99
12:35:20.85,7.71,26.4,25.02,23.9,1008.59,1008.66,24.21,334.2,38.87,38.25,8.27,4.06,-3.89,-4.83,8.58,-5.8
12:35:21.154,7.7,26.4,25.02,23.9,1008.59,1008.66,24.22,335.85,38.87,38.28,7.9,4.48,-3.3,2.55,0.73,8.89
12:35:22.232,7.71,26.4,25.03,23.9,1008.59,1008.66,24.23,333.22,38.87,38.31,8.49,3.77,-3.5,11.53,-10.98,6.74
12:35:23.309,7.7,26.4,25.03,23.9,1008.58,1008.65,24.25,333.88,38.95,38.34,7.59,4.52,-3.25,-23.61,16.08,-9.47
12:35:24.383,7.68,26.4,25.03,23.9,1008.58,1008.66,24.28,331.93,38.87,38.28,7.12,3.5,-2.77,5.02,-22.02,5.91
12:35:25.459,7.68,26.4,25.03,23.91,1008.6,1008.67,24.3,332.58,38.7,38.23,6.07,3.6,-2.86,-16.23,-7.97,-14.74
12:35:26.537,7.67,26.4,25.03,23.91,1008.63,1008.68,24.32,330.96,38.45,38.08,6.32,4.01,-6.57,6.2,-54.54,-26.72
12:35:27.610,7.66,26.4,25.02,23.9,1008.65,1008.69,24.34,330.96,38.29,38.03,0.61,2.67,-7.68,-5.52,12.07,-5.9
12:35:28.684,7.64,26.4,25.02,23.9,1008.66,1008.7,24.36,329.05,38.29,37.96,1.04,3.29,-8.91,-10,-1.29,-9.47
12:35:29.763,7.66,26.4,25.03,23.9,1008.66,1008.71,24.38,328.73,38.29,37.88,1.21,3.22,-9.65,-12.22,10.44,-5.76
12:35:30.834,7.64,26.4,25.03,23.9,1008.67,1008.72,24.4,328.73,38.2,37.78,1.43,2.97,-8.98,-5.23,13.22,-3.9
12:35:31.902,7.66,26.4,25.03,23.9,1008.68,1008.73,24.4,329.37,38.2,37.71,1.32,3,-9.03,-5.03,5.49,-7.02
12:35:32.976,7.66,26.4,25.03,23.9,1008.67,1008.74,24.42,331.61,38.2,37.65,1.4,3.01,-8.91,-2.54,7.34,-5.49
12:35:34.52,7.66,26.4,25.04,23.9,1008.67,1008.73,24.43,331.61,38.2,37.66,1.47,2.99,-8.92,-2.89,6.31,-5.88
12:35:35.129,7.64,26.4,25.04,23.91,1008.67,1008.73,24.43,331.28,38.2,37.68,1.43,3.03,-8.88,-3.22,6.84,-5.68
12:35:36.201,7.66,26.4,25.04,23.91,1008.67,1008.74,24.44,328.42,38.12,37.6,1.43,2.98,-8.92,-2.77,6.93,-5.6
12:35:37.277,7.63,26.4,25.05,23.91,1008.68,1008.74,24.45,329.05,38.2,37.59,2.31,3.14,-8,-18.92,46.28,-19.67
12:35:38.357,7.64,26.4,25.05,23.91,1008.66,1008.74,24.45,329.37,38.45,37.63,10.23,4.39,-6.06,1.46,11.98,-18.62
12:35:39.436,7.68,26.4,25.05,23.91,1008.62,1008.7,24.45,329.05,38.95,37.93,13.78,2.14,-0.24,-3.51,20.94,-16.27
12:35:40.515,7.71,26.4,25.04,23.91,1008.55,1008.67,24.46,328.1,39.62,38.18,7.15,4.27,-9.86,-37.35,149.91,-22.12
12:35:41.591,7.68,26.4,25.03,23.91,1008.47,1008.62,24.45,329.68,40.12,38.63,5.6,3.18,-3.1,-27.67,-8.21,-11.94
12:35:42.667,7.71,26.4,25.02,23.91,1008.41,1008.58,24.45,330,40.63,38.99,14.18,2.94,-3.43,35.14,-86.33,56.5
12:35:43.742,7.76,26.4,25.02,23.91,1008.33,1008.5,24.46,330,41.29,39.59,7.65,2.48,-0.13,7.65,-24.98,3.41
12:35:44.819,7.76,26.4,25.01,23.9,1008.28,1008.45,24.48,330.32,41.71,40.08,11.99,6.16,-2.59,-65.45,72.29,-2.45
12:35:45.896,7.76,26.31,24.99,23.9,1008.2,1008.37,24.52,328.42,42.46,40.73,4.07,3.42,-0.39,-8.34,-7.15,-42.15
12:35:46.975,7.77,26.31,24.98,23.89,1008.13,1008.3,24.54,327.78,43.05,41.32,11.59,5.12,-0.39,13.85,-4.37,-70.05
12:35:48.52,7.77,26.31,24.98,23.89,1008.05,1008.23,24.55,329.68,43.63,41.9,6.35,2.76,0.22,49.06,-29.65,44.6
12:35:49.131,7.79,26.31,24.97,23.89,1007.98,1008.17,24.57,331.28,44.22,42.39,8.65,3.1,-2.32,-58.19,-70.75,-30.55
12:35:50.206,7.47,26.31,24.97,23.88,1007.91,1008.11,24.58,330.96,44.72,42.92,4.42,-1.74,3.93,15.6,68.51,-2.06
12:35:51.286,7.51,26.31,24.97,23.88,1007.87,1008.05,24.59,329.68,44.97,43.41,5.88,3.02,-4.29,-59.16,47.23,-76.4
12:35:52.357,7.53,26.31,24.97,23.88,1007.84,1008,24.62,329.37,45.22,43.8,8.8,3.24,-3.78,-14.44,4.4,-29.58
12:35:53.433,7.54,26.31,24.97,23.88,1007.82,1007.97,24.64,330.64,45.39,44.07,5.77,3.66,-3.05,-4.74,0.5,-12.81
12:35:54.512,7.54,26.31,24.97,23.88,1007.8,1007.95,24.67,329.05,45.39,44.24,7.09,3.08,-5.02,-18.96,1.63,-11.63
12:35:55.589,7.54,26.31,24.97,23.88,1007.8,1007.93,24.69,329.05,45.39,44.37,7.28,3.02,-4.91,9.67,16.74,-12.13
12:35:56.665,7.56,26.31,24.98,23.88,1007.8,1007.92,24.71,327.78,45.39,44.49,7.75,3.65,-4.25,-11.48,2.2,3.05
12:35:57.741,7.54,26.4,24.98,23.88,1007.8,1007.91,24.74,329.05,45.47,44.58,7.99,3.76,-4.25,12.27,11.68,-11.9
12:35:58.814,7.54,26.4,24.99,23.88,1007.8,1007.9,24.75,328.73,45.47,44.6,7.95,3.67,-4.21,-5.46,5.71,-2.16
12:35:59.884,7.56,26.4,25,23.89,1007.79,1007.9,24.76,327.78,45.47,44.67,8.17,3.65,-4,-6.64,7.05,-7.58
12:36:00.958,7.57,26.4,25,23.89,1007.79,1007.89,24.78,328.1,45.56,44.72,7.85,3.93,-3.36,-11.56,4.21,-10.94
12:36:02.39,7.58,26.4,25.01,23.89,1007.79,1007.89,24.78,328.42,45.47,44.75,8.34,4.18,-3.96,-12.17,4.78,-12.53
12:36:03.114,7.54,26.4,25.01,23.9,1007.79,1007.88,24.79,326.22,45.47,44.77,7.87,4.37,-3.52,-2.48,7.02,-0.91
12:36:04.186,7.57,26.4,25.02,23.9,1007.8,1007.88,24.8,325.29,45.47,44.8,7.75,3.83,-4.41,-1.39,20.44,-5.06
12:36:05.267,7.57,26.4,25.03,23.91,1007.79,1007.88,24.81,327.16,45.47,44.83,11.49,4.54,-0.52,11.12,-26.4,-3.29
12:36:06.345,7.57,26.4,25.03,23.91,1007.79,1007.88,24.81,327.47,45.56,44.81,9.84,3.07,-3.12,38.08,-11.65,25.93
12:36:07.426,7.57,26.4,25.03,23.92,1007.79,1007.88,24.81,328.42,45.56,44.82,8.46,4.22,-2.04,-10.98,18.03,15.75
12:36:08.500,7.57,26.4,25.03,23.92,1007.78,1007.87,24.81,327.78,45.56,44.92,9.55,2.69,-0.54,1.66,-8.34,24.05
12:36:09.574,7.6,26.4,25.04,23.92,1007.78,1007.87,24.82,326.84,45.64,44.89,9.71,3.38,-2.72,6.72,-9.55,2.94
12:36:10.649,7.58,26.4,25.05,23.93,1007.78,1007.87,24.81,328.73,45.73,44.92,9.13,3.79,-1.71,-12.47,12.07,7.75
12:36:11.725,7.63,26.5,25.05,23.93,1007.77,1007.86,24.81,328.42,45.73,44.94,9.33,3.28,-1.47,3.09,-8.04,4.63
12:36:12.797,7.6,26.5,25.06,23.94,1007.77,1007.87,24.82,326.22,45.73,44.9,9.1,3.26,-2.02,-9.16,6.49,2.7
12:36:13.874,7.64,26.5,25.07,23.94,1007.76,1007.87,24.82,327.78,45.81,44.91,9.42,3.37,-1.45,-5.32,3.49,2.51
12:36:14.952,7.61,26.5,25.08,23.95,1007.77,1007.87,24.82,326.53,45.73,44.92,8.96,3.45,-2.09,-7.89,3.83,-1.59
12:36:16.27,7.63,26.5,25.08,23.95,1007.77,1007.88,24.82,326.53,45.73,44.83,9.46,3.33,-1.54,-9.36,14.24,3.05
12:36:17.107,7.63,26.5,25.09,23.96,1007.78,1007.88,24.83,324.98,45.64,44.79,9.56,3.47,-1.67,-7.62,-1.06,-10.56
12:36:18.180,7.61,26.5,25.1,23.96,1007.78,1007.88,24.83,325.91,45.64,44.8,9.11,3.6,-1.96,-4.87,11.55,-0.34
12:36:19.252,7.61,26.5,25.1,23.97,1007.77,1007.88,24.83,326.84,45.64,44.85,9.14,3.1,-1.41,-8.86,4.41,-7.63
12:36:20.328,7.63,26.6,25.11,23.98,1007.77,1007.87,24.83,326.22,45.73,44.88,8.97,3.59,-1.81,-6.33,1.27,-9.15
12:36:21.402,7.63,26.6,25.12,23.98,1007.77,1007.87,24.82,325.91,45.73,44.86,8.96,3.14,-1.6,-5,8.75,-2.45
12:36:22.478,7.64,26.6,25.12,23.99,1007.78,1007.88,24.83,323.74,45.64,44.84,9.04,3.4,-1.76,-11.75,2.37,-13.39
12:36:23.552,7.63,26.6,25.13,23.99,1007.77,1007.87,24.82,328.1,45.64,44.88,9.12,3.58,-1.8,-1.39,11.25,0.43
12:36:24.623,7.61,26.6,25.14,24,1007.77,1007.87,24.82,326.22,45.73,44.93,9.24,3.07,-1.49,-9.96,4.8,-10.1
12:36:25.696,7.63,26.6,25.15,24.01,1007.77,1007.86,24.82,328.1,45.73,44.96,9.12,4.06,-2.81,7.55,9.44,7.38
12:36:26.774,7.63,26.6,25.16,24.01,1007.78,1007.86,24.81,326.22,45.73,44.94,9.36,1.69,-0.99,-1.86,32.84,-5.19
12:36:27.849,7.63,26.6,25.16,24.02,1007.76,1007.86,24.81,325.29,45.81,44.97,8.08,5.62,-2.03,0.69,43.14,-3.3
12:36:28.926,7.63,26.6,25.17,24.02,1007.76,1007.85,24.81,325.6,45.81,45.04,9.85,2.45,-1.05,-21.51,17.07,-2.6
12:36:30.6,7.66,26.6,25.17,24.03,1007.76,1007.86,24.81,327.16,45.81,45.01,9.07,3.45,-1.03,-6.94,-14.54,-29.66
12:36:31.80,7.63,26.6,25.18,24.03,1007.76,1007.86,24.8,325.91,45.89,44.98,8.53,3.52,-3.3,-4.06,-4.03,2.33
12:36:32.157,7.66,26.6,25.18,24.04,1007.76,1007.85,24.81,326.22,45.81,45.05,9.16,3.05,-2.06,-19.42,14.71,0.31
12:36:33.228,7.66,26.7,25.19,24.05,1007.75,1007.85,24.8,323.44,45.89,45.03,9.08,3.79,-1.99,15.3,8.69,-9.6
12:36:34.305,7.66,26.7,25.2,24.05,1007.76,1007.85,24.81,327.47,45.73,45.09,8.86,3.42,-1.71,-2.81,12.89,-6.76
12:36:35.378,7.66,26.7,25.2,24.06,1007.76,1007.84,24.8,324.98,45.81,45.14,9.03,2.96,-1.41,9.44,12.19,-3.13
12:36:36.453,7.67,26.7,25.21,24.06,1007.76,1007.84,24.8,326.22,45.89,45.12,8.45,4.45,-2.94,-4.73,46.94,-6.02
12:36:37.530,7.64,26.7,25.22,24.07,1007.75,1007.84,24.8,326.22,45.89,45.13,8.87,3.66,-1.71,-0.88,6.56,-9.58
12:36:38.607,7.66,26.7,25.22,24.08,1007.75,1007.84,24.79,324.36,45.81,45.18,9.25,3.14,-1.89,-4.79,5.17,-1.27
12:36:39.686,7.68,26.7,25.23,24.08,1007.75,1007.84,24.79,324.36,45.89,45.18,8.98,3.25,-1.72,-18.54,2.69,-10.55
12:36:40.764,7.68,26.7,25.23,24.09,1007.75,1007.83,24.78,324.05,45.89,45.18,7.77,2.08,-0.61,-12.55,17.16,13.77
12:36:41.841,7.68,26.7,25.24,24.09,1007.75,1007.84,24.78,328.1,45.98,45.17,8.31,2.69,-1.32,-29.58,8.87,-21.67
12:36:42.913,7.7,26.7,25.25,24.1,1007.74,1007.83,24.78,324.98,45.89,45.18,9.36,3.71,-1.44,22.86,28.09,18.6
12:36:43.990,7.7,26.7,25.25,24.11,1007.74,1007.84,24.76,325.29,45.89,45.18,9.6,2.64,-2.17,10.48,-7.51,-24.91
12:36:45.66,7.68,26.7,25.26,24.11,1007.75,1007.84,24.76,324.67,45.81,45.16,9.16,4.1,-2.87,9.71,27.01,-10.85
12:36:46.141,7.73,26.8,25.26,24.12,1007.75,1007.84,24.75,327.78,45.89,45.15,8.44,2.86,0.05,16.63,13.48,-8.37
12:36:47.218,7.67,26.8,25.27,24.12,1007.76,1007.85,24.75,325.91,45.81,45.08,9.24,2.66,-2.97,30.21,-5.81,-4.14
12:36:48.295,7.68,26.8,25.27,24.13,1007.76,1007.85,24.75,324.98,45.89,45.02,9.03,3.61,-1.8,-24.74,33.6,-14.55
12:36:49.371,7.71,26.8,25.28,24.13,1007.76,1007.85,24.74,328.1,45.81,45.05,9.18,3.39,-1.01,31.85,-1.44,6.81
12:36:50.447,7.68,26.8,25.29,24.14,1007.75,1007.85,24.74,324.98,45.89,45.09,9.32,2.69,-2.6,-20.44,1.63,-19.02
12:36:51.522,7.71,26.8,25.29,24.14,1007.75,1007.84,24.74,325.29,45.89,45.13,8.94,3.58,-0.88,7.09,9.31,-2.25
12:36:52.596,7.7,26.8,25.3,24.15,1007.76,1007.84,24.72,324.05,45.81,45.12,9.32,2.99,-2.07,4.17,-1.74,-2.11
12:36:53.672,7.73,26.8,25.3,24.15,1007.76,1007.85,24.72,325.6,45.81,45.09,9.29,3.34,-1.42,-20.75,6.75,-11.01
12:36:54.752,7.71,26.8,25.31,24.16,1007.77,1007.85,24.71,326.22,45.39,45.08,4.37,1.86,-2.35,30.57,-55.21,-27.97
12:36:55.831,7.56,26.8,25.29,24.15,1007.92,1007.95,24.69,325.6,43.63,44.26,-0.01,4.6,-6.82,-29.71,42.28,9.84
12:36:56.905,7.54,26.8,25.25,24.12,1008.16,1008.13,24.66,326.84,41.63,42.7,6.61,0.03,-3.87,19.92,-95.65,16.96
12:36:57.980,7.66,26.7,25.22,24.11,1008.33,1008.26,24.63,329.37,40.37,41.63,1.2,5.47,-0.72,-56.79,46.04,85.14
12:36:59.60,9.75,26.7,25.21,24.1,1008.42,1008.37,24.59,333.55,39.87,40.71,0.76,-7.73,2.68,249.99,-167.38,-32.96
12:37:00.140,7.56,26.7,25.2,24.09,1008.51,1008.45,24.52,335.85,39.29,40.02,-0.85,4.15,-1.74,59.68,-14.31,-60.25
12:37:01.214,6.76,26.7,25.2,24.09,1008.58,1008.53,24.47,336.51,38.79,39.39,1.9,3.01,-3.71,31.99,13.53,11.18
12:37:02.287,6.82,26.7,25.2,24.08,1008.61,1008.58,24.41,336.84,38.54,38.99,1.33,3.99,-8.7,-3.64,19.2,-0.12
12:37:03.364,6.83,26.7,25.2,24.07,1008.64,1008.62,24.35,341.22,38.37,38.65,1.64,3.6,-8.61,-3.87,-0.54,-7.12
12:37:04.440,6.91,26.7,25.2,24.07,1008.66,1008.64,24.29,338.85,38.29,38.41,1.76,3.24,-7.82,-3.9,10.11,-6.06
12:37:05.517,6.93,26.7,25.2,24.06,1008.66,1008.67,24.26,339.86,38.29,38.23,7.14,1.06,-8.1,-20.26,56.02,37.87
12:37:06.593,6.95,26.7,25.21,24.06,1008.65,1008.68,24.22,342.59,38.45,38.14,8.79,-4.05,0.61,-2.73,41.7,13.63
12:37:07.669,7.03,26.7,25.21,24.06,1008.64,1008.68,24.18,341.9,38.54,38.14,7.78,-6.47,1.88,-8.5,15.44,-2.97
12:37:08.745,7.03,26.7,25.21,24.06,1008.63,1008.68,24.15,345.71,38.62,38.13,7.58,-6.65,2.45,-5.92,8.83,-7.2
12:37:09.821,6.99,26.7,25.21,24.06,1008.62,1008.68,24.13,343.62,38.62,38.15,7.33,-6.68,2.36,-3.17,4.52,-5.62
12:37:10.897,7.05,26.7,25.21,24.06,1008.61,1008.68,24.11,343.62,38.7,38.13,7.73,-6.31,2.47,-2.48,7.19,-6.43
12:37:11.971,5.9,26.7,25.21,24.06,1008.61,1008.68,24.09,347.12,38.7,38.1,7.67,-5.78,2.49,-4.77,2.85,-5.12
12:37:13.43,6.08,26.7,25.22,24.06,1008.61,1008.68,24.08,345.36,38.7,38.11,7.69,-6.5,2.34,-3.11,6.2,-5.92
12:37:14.118,6.09,26.7,25.22,24.06,1008.61,1008.69,24.07,345.01,38.7,38.08,7.6,-6.3,2.43,-3.44,6.77,-5.35
12:37:15.192,4.86,26.7,25.23,24.06,1008.61,1008.68,24.07,341.56,38.7,38.09,7.66,-6.33,2.41,-2.94,6.04,-6.37
12:37:16.268,4.96,26.7,25.23,24.06,1008.61,1008.68,24.06,341.56,38.7,38.09,7.68,-6.34,2.43,-2.91,6.58,-5.79
12:37:17.336,5,26.7,25.23,24.06,1008.61,1008.68,24.05,343.97,38.7,38.09,7.7,-6.32,2.47,-3.3,6.34,-5.67
12:37:18.418,4.96,26.7,25.24,24.07,1008.61,1008.67,24.05,343.28,38.62,38.16,8.66,-5.16,1.93,-8.34,-11.82,-15.78
12:37:19.496,4.97,26.7,25.24,24.07,1008.62,1008.68,24.04,345.36,38.62,38.14,9.1,-4.18,-0.04,-23.51,14.63,-3.33
12:37:20.576,4.96,26.7,25.24,24.07,1008.63,1008.69,24.04,343.97,38.45,38.01,9.45,-0.05,-9.35,-110.33,9.78,41.02
12:37:21.652,4.95,26.8,25.24,24.08,1008.64,1008.7,24.03,342.93,38.54,37.92,3.87,6.96,-5.36,-35.18,-44.7,-1.88
12:37:22.729,4.95,26.8,25.25,24.08,1008.64,1008.71,24.02,343.97,38.45,37.9,1.07,6.85,-6.4,12.74,13.95,15.63
12:37:23.802,4.97,26.7,25.25,24.08,1008.64,1008.71,24,343.62,38.45,37.87,1.58,3.57,-8.85,10.03,20.38,-21.91
12:37:24.880,4.97,26.8,25.25,24.08,1008.64,1008.71,23.98,344.32,38.37,37.86,1.49,3.61,-8.62,-8.4,2.21,-1.41
12:37:25.956,4.99,26.8,25.25,24.08,1008.65,1008.71,23.96,345.36,38.37,37.84,1.35,3.1,-8.79,-4.61,1.33,-1.36
12:37:27.32,4.99,26.8,25.26,24.08,1008.65,1008.71,23.95,345.01,38.37,37.84,1.49,3.22,-8.76,-2.93,6.88,-5.73
12:37:28.106,4.99,26.8,25.26,24.08,1008.65,1008.71,23.93,345.71,38.37,37.84,1.51,3.17,-8.8,-2.61,6.66,-5.75
12:37:29.176,5,26.8,25.26,24.08,1008.65,1008.72,23.9,347.47,38.37,37.8,1.48,3.2,-8.79,-3.13,6.56,-5.74
12:37:30.257,5.02,26.8,25.27,24.08,1008.64,1008.72,23.88,345.36,38.45,37.81,1.49,3.19,-8.79,-2.93,6.41,-5.83
12:37:31.328,5.02,26.8,25.27,24.09,1008.64,1008.73,23.87,348.89,38.45,37.72,1.5,3.17,-8.81,-3.11,6.42,-5.8
12:37:32.403,5.03,26.8,25.27,24.09,1008.64,1008.73,23.86,344.32,38.45,37.71,1.48,3.17,-8.79,-3.13,6.45,-5.86
12:37:33.480,5.06,26.8,25.28,24.09,1008.64,1008.72,23.86,344.67,38.45,37.74,1.48,3.19,-8.78,-2.99,6.55,-5.8
12:37:34.556,5.05,26.8,25.28,24.09,1008.65,1008.72,23.85,346.41,38.37,37.77,1.51,3.15,-8.79,-2.91,9.92,-4.67
12:37:35.633,5.07,26.8,25.28,24.1,1008.64,1008.72,23.85,347.47,38.45,37.8,7.31,4.84,-7.99,-66.34,79.43,28.54
12:37:36.704,5.09,26.8,25.28,24.1,1008.61,1008.7,23.85,345.71,38.87,37.93,7.2,2.3,-1.69,-45.53,54.54,42.82
12:37:37.781,5.1,26.8,25.28,24.1,1008.54,1008.66,23.84,346.77,39.54,38.27,7.22,4.75,-2.46,-9.79,-13.57,-38.5
12:37:38.858,5.15,26.7,25.27,24.1,1008.48,1008.61,23.84,344.67,40.04,38.69,9.82,2.28,-0.28,-6.56,19.6,-27.54
12:37:39.932,5.13,26.7,25.27,24.09,1008.41,1008.57,23.87,347.83,40.54,39.03,8.77,3.25,-2.39,1.94,41.47,54.92
12:37:41.9,5.16,26.7,25.26,24.09,1008.34,1008.51,23.91,344.32,41.21,39.57,6.56,3.71,-1.75,8.78,15.12,28.95
12:37:42.84,5.18,26.7,25.25,24.09,1008.25,1008.44,23.97,340.88,41.88,40.11,9.95,3.83,-0.38,3.84,-54.91,-4.35
12:37:43.161,5.18,26.7,25.24,24.09,1008.17,1008.37,24.03,340.2,42.63,40.74,6.84,3.75,-1.43,-18.66,43.59,50.53
12:37:44.233,5.18,26.7,25.23,24.08,1008.1,1008.3,24.08,338.51,43.3,41.28,9.47,3.61,0.1,-22.53,18.56,31.91
12:37:45.312,5.2,26.6,25.22,24.08,1008.02,1008.22,24.13,336.84,43.97,41.97,5.88,3.32,-2.34,-11.43,34.45,23.55
12:37:46.387,5.28,26.6,25.22,24.08,1007.94,1008.14,24.17,336.51,44.55,42.63,-4.86,-6.4,-8.4,-3.71,6.57,32.11
12:37:47.460,5.22,26.6,25.21,24.08,1007.89,1008.08,24.2,334.86,45.06,43.12,7.16,4.1,-3.8,-20.44,7.06,50.57
12:37:48.537,5.23,26.6,25.21,24.07,1007.82,1008.02,24.23,334.2,45.47,43.64,5.26,5.11,-5.24,-0.11,-25.48,20.2
12:37:49.618,5.2,26.6,25.21,24.07,1007.79,1007.96,24.27,335.85,45.64,44.11,5.74,3.13,-2.28,45.74,-47.71,-37.63
12:37:50.689,5.25,26.6,25.2,24.07,1007.77,1007.93,24.29,334.2,45.81,44.42,7.56,3.5,-4.14,-8.48,-0.76,12.1
12:37:51.765,5.25,26.6,25.2,24.07,1007.75,1007.89,24.31,334.53,45.89,44.7,7.42,3.55,-4.29,-4.64,15.91,-2.05
12:37:52.837,5.26,26.6,25.2,24.06,1007.74,1007.88,24.33,333.88,45.98,44.82,7.78,3.62,-4.14,3.14,14,-20.93
12:37:53.914,5.26,26.6,25.21,24.06,1007.74,1007.86,24.35,334.53,45.89,44.95,7.99,3.62,-3.66,-10.12,2.79,-6.44
12:37:54.991,5.28,26.6,25.21,24.07,1007.75,1007.85,24.37,330.64,45.89,45.04,8.27,4.11,-3.83,1.16,12.66,-9.69
12:37:56.66,5.23,26.7,25.21,24.07,1007.75,1007.84,24.39,330.64,45.89,45.11,8.13,3.81,-3.58,-6.59,3.91,-4.22
12:37:57.140,5.28,26.6,25.22,24.07,1007.75,1007.85,24.41,332.9,45.89,45.1,8.34,3.74,-3.39,-2.74,4.49,-7.22
12:37:58.217,5.28,26.7,25.22,24.07,1007.75,1007.84,24.42,329.37,45.89,45.11,8.16,3.76,-3.52,-4.08,18.14,-4.06
12:37:59.291,5.28,26.7,25.23,24.08,1007.75,1007.84,24.44,327.47,45.89,45.16,8.15,3.66,-3.6,-6.05,5.46,-5.24
12:38:00.368,5.28,26.7,25.23,24.08,1007.75,1007.83,24.46,329.68,45.98,45.19,8.16,3.76,-3.63,1.42,8.83,-8.18
12:38:01.441,5.3,26.7,25.24,24.08,1007.74,1007.83,24.47,329.37,45.98,45.21,8.27,3.7,-3.35,-6.91,1.4,-4.25
12:38:02.517,5.28,26.7,25.24,24.09,1007.75,1007.83,24.47,329.37,45.98,45.26,8.49,3.56,-3.04,0.1,10.46,-6.53
12:38:03.594,5.31,26.7,25.25,24.09,1007.74,1007.83,24.49,328.73,45.98,45.26,8.15,3.76,-3.61,-3.93,6.06,-5.37
12:38:04.666,5.3,26.7,25.25,24.1,1007.74,1007.83,24.5,327.47,45.98,45.25,8.23,3.72,-3.54,-4.07,6.1,-4.83
12:38:05.743,5.31,26.7,25.26,24.11,1007.75,1007.82,24.5,326.53,45.98,45.27,8.26,3.66,-3.27,-2.13,11.18,-6.12
12:38:06.819,5.31,26.7,25.27,24.11,1007.74,1007.82,24.51,327.16,45.98,45.28,7.63,4.14,-3.89,-7.64,7.29,-2.26
12:38:07.895,5.3,26.7,25.27,24.12,1007.73,1007.82,24.51,328.73,46.06,45.27,7.92,3.77,-4.08,2.53,14.21,-9.81
12:38:08.973,5.33,26.7,25.28,24.12,1007.73,1007.82,24.52,325.91,46.14,45.31,10.18,4.26,-4.02,-4.54,7.71,4.86
12:38:10.47,5.36,26.8,25.28,24.13,1007.71,1007.81,24.53,328.1,46.23,45.38,8.08,2.86,-1.07,-4.03,0.68,-3.41
12:38:11.120,5.31,26.8,25.29,24.13,1007.71,1007.81,24.53,327.78,46.14,45.43,7.89,2.25,-4.4,14.88,3.25,14.4
12:38:12.197,5.35,26.8,25.29,24.13,1007.71,1007.8,24.53,328.73,46.23,45.49,8.38,0.41,-0.19,-43.54,33.12,22.34
12:38:13.276,5.36,26.8,25.29,24.14,1007.7,1007.79,24.52,327.16,46.31,45.55,10.01,4.42,-0.76,-46.16,-41.58,-50.77
12:38:14.347,5.38,26.8,25.3,24.14,1007.7,1007.78,24.53,330,46.31,45.61,8.59,5.03,-2.15,35.78,1.76,42.44
12:38:15.425,5.38,26.8,25.3,24.15,1007.7,1007.78,24.52,327.47,46.31,45.62,10.77,1.83,-1.91,-28.84,26.31,-7.13
12:38:16.497,5.36,26.8,25.3,24.15,1007.69,1007.78,24.52,328.1,46.39,45.63,8.61,3.84,-0.8,6.27,13.98,-10.43
12:38:17.574,5.36,26.8,25.31,24.15,1007.69,1007.78,24.52,327.47,46.39,45.63,10.25,3.55,-1.99,9.69,4.14,2.46
12:38:18.653,5.38,26.8,25.31,24.16,1007.69,1007.78,24.52,327.78,46.39,45.67,9.33,3.32,-1.88,-10.92,-3.23,-24.79
12:38:19.733,5.33,26.8,25.31,24.16,1007.74,1007.79,24.52,327.78,45.14,45.55,1.36,2.95,-5.77,52.62,-41.96,-23.8
12:38:20.809,5.46,26.8,25.29,24.14,1007.94,1007.93,24.51,329.05,43.05,44.41,4.62,4.31,-3.66,-13.38,72.34,13.7
12:38:21.887,5.22,26.7,25.24,24.12,1008.19,1008.09,24.5,330.64,41.54,43.05,-1.28,1.31,-4.98,-92.19,-70.33,-4.7
12:38:22.962,5.23,26.7,25.21,24.1,1008.34,1008.22,24.49,332.58,40.37,41.95,1.1,2.6,-7.21,103.04,-31.39,39.47
12:38:24.37,5.22,26.7,25.2,24.09,1008.45,1008.33,24.47,329.68,39.87,41.05,3.21,3,-3.85,-115.39,60.86,-4.94
12:38:25.110,4.53,26.6,25.19,24.08,1008.5,1008.42,24.46,333.55,39.45,40.33,-2,3.68,-7.78,52.8,7.87,68.47
12:38:26.193,4.64,26.6,25.19,24.07,1008.54,1008.48,24.45,333.55,39.12,39.78,-4.5,0.33,-18.09,-38.72,35.54,15.01
12:38:27.263,4.64,26.6,25.18,24.06,1008.57,1008.53,24.44,334.53,38.95,39.33,1.94,3.22,-8.87,3.11,7.54,-2.5
12:38:28.336,4.67,26.6,25.18,24.05,1008.58,1008.57,24.42,336.18,38.87,39.04,1.76,3.36,-8.78,2.2,2.05,-5.73
12:38:29.407,4.66,26.6,25.18,24.04,1008.59,1008.6,24.4,334.86,38.79,38.82,1.4,3.3,-8.74,-5.08,6.42,-3.75
12:38:30.486,4.69,26.6,25.18,24.04,1008.6,1008.61,24.38,335.19,38.87,38.67,2.38,4.27,-9.43,-7.32,23.57,1.27
12:38:31.558,4.7,26.6,25.18,24.03,1008.58,1008.63,24.37,337.51,39.12,38.56,7.08,5.26,-1.1,-1.1,30.1,2.37
12:38:32.635,4.74,26.6,25.18,24.03,1008.54,1008.62,24.37,335.52,39.45,38.65,7.48,3.31,-3.73,1.46,0.66,-1.59
12:38:33.711,4.74,26.6,25.18,24.03,1008.52,1008.6,24.38,336.51,39.45,38.76,6.91,3.25,-4.83,-0.66,13.41,-19.55
12:38:34.783,4.74,26.6,25.18,24.02,1008.52,1008.6,24.39,337.84,39.45,38.76,7.86,4.31,-2.67,6.01,27.6,-5.42
12:38:35.861,4.72,26.6,25.18,24.02,1008.53,1008.61,24.39,336.51,39.37,38.73,8.01,4.27,-3.36,-3.1,-11.36,-8.37
12:38:36.937,4.72,26.6,25.17,24.01,1008.54,1008.62,24.4,336.84,39.2,38.63,9.14,4.25,-3.88,-35.63,-6.47,-7.52
12:38:38.16,4.72,26.6,25.17,24.01,1008.56,1008.63,24.41,336.18,39.04,38.53,4.92,5.54,-5.67,-26.72,18.29,10.54
12:38:39.91,4.72,26.6,25.16,24,1008.57,1008.64,24.42,336.18,38.95,38.48,3.16,6.92,-5.89,-7.24,9.86,-2.97
12:38:40.161,4.73,26.6,25.17,24,1008.58,1008.65,24.44,336.51,38.95,38.36,3.29,7.03,-5.4,-7.76,5.26,-6.88
12:38:41.234,4.74,26.6,25.17,24,1008.57,1008.65,24.45,337.17,39.04,38.35,3.24,7.37,-4.97,-3.93,6.1,-6.07
12:38:42.307,4.74,26.6,25.17,24,1008.58,1008.66,24.45,335.19,38.95,38.3,3.2,7.38,-5.05,-2.66,6.58,-6.22
12:38:43.377,4.72,26.6,25.17,24,1008.58,1008.65,24.46,335.85,38.95,38.35,3.11,7.41,-5.03,-3,6.33,-5.61
12:38:44.452,4.73,26.6,25.18,24,1008.58,1008.66,24.47,334.53,38.95,38.31,3.34,7.41,-5.02,-2.67,5.29,-3.51
12:38:45.524,4.74,26.6,25.18,24,1008.58,1008.66,24.48,337.51,38.87,38.31,3.05,7.45,-5.15,-2.14,7.1,-7.79
12:38:46.598,4.73,26.7,25.19,24,1008.59,1008.66,24.49,337.17,38.87,38.3,-0.8,6.9,-5.63,14.78,-6.13,-37.56
12:38:47.674,4.73,26.6,25.19,24,1008.59,1008.66,24.49,335.52,38.87,38.27,2.21,3.97,-8.29,36.58,-15.23,12.26
12:38:48.747,4.73,26.7,25.19,24,1008.59,1008.66,24.5,335.19,38.79,38.24,3.7,2.79,-8.42,-32.52,-2.55,34.41
12:38:49.820,4.73,26.6,25.19,24,1008.6,1008.67,24.51,334.2,38.79,38.19,3.59,1.99,-8.67,-12.11,-12.55,26.51
12:38:50.888,4.74,26.7,25.19,24,1008.6,1008.67,24.53,335.85,38.79,38.17,2.55,3.02,-8.61,0,2.01,-9.41
12:38:51.961,4.73,26.7,25.19,24,1008.6,1008.68,24.55,334.86,38.79,38.14,2.97,2.76,-8.69,-2.77,11.87,6.25
12:38:53.35,4.73,26.7,25.2,24,1008.61,1008.68,24.55,333.55,38.7,38.11,3.16,2.49,-8.65,-2.58,16.75,22.14
12:38:54.111,4.73,26.7,25.2,24,1008.61,1008.68,24.57,331.61,38.79,38.13,2.32,3.42,-9.41,-19.32,-9.31,-43.94
12:38:55.185,4.73,26.7,25.2,24,1008.6,1008.67,24.56,334.53,38.79,38.17,1.73,3.67,-8.51,11.3,11.43,0.54
12:38:56.250,4.73,26.7,25.2,24,1008.6,1008.68,24.57,332.9,38.79,38.11,1.31,3.79,-8.41,-0.52,6.32,-5.48
12:38:57.324,4.72,26.7,25.2,24,1008.6,1008.68,24.58,334.86,38.79,38.13,1.34,3.38,-8.87,-5.03,9.35,-4.72
12:38:58.396,4.74,26.7,25.2,24,1008.6,1008.67,24.58,333.22,38.79,38.17,1.44,3.08,-8.37,-2.19,8.22,-4.83
12:38:59.466,4.73,26.7,25.2,24,1008.6,1008.67,24.58,331.28,38.79,38.19,1.45,3.16,-8.81,-2.9,6.77,-5.8
12:39:00.541,4.73,26.7,25.2,24.01,1008.6,1008.67,24.58,332.9,38.79,38.18,4.16,3.04,-8.5,-17.39,11.28,81.4
12:39:01.616,4.73,26.7,25.21,24.01,1008.59,1008.67,24.59,334.2,38.87,38.21,6.71,6.22,-3.77,-3.7,-6.06,27.59
12:39:02.692,4.73,26.7,25.21,24.01,1008.58,1008.67,24.58,335.52,38.95,38.21,5.99,5.51,-5.38,79.7,16.84,-0.26
12:39:03.772,4.73,26.7,25.2,24.01,1008.58,1008.67,24.57,336.84,38.95,38.24,9.05,2.08,-6.23,-11.14,12.82,-18.36
12:39:04.847,4.77,26.7,25.2,24.01,1008.54,1008.65,24.56,337.17,39.45,38.38,5.6,1.31,-0.43,-26.43,-43.42,5.16
12:39:05.924,4.77,26.6,25.19,24.01,1008.48,1008.6,24.53,337.51,40.04,38.82,8.39,2.72,-3.13,-14.49,18.72,17.16
12:39:07.4,4.77,26.6,25.19,24.01,1008.41,1008.53,24.51,336.84,40.63,39.37,6.12,1.57,-2.73,-30.71,-62.98,-9.36
12:39:08.79,4.83,26.6,25.18,24.01,1008.33,1008.48,24.51,337.51,41.29,39.77,11.12,1.1,-1.55,-47.96,5.7,-10.12
12:39:09.151,4.83,26.6,25.17,24,1008.25,1008.42,24.54,336.18,41.88,40.31,5.31,1.44,-1.69,-5.45,30.43,43.86
12:39:10.224,4.82,26.6,25.17,24,1008.18,1008.36,24.57,335.85,42.46,40.75,15.02,5.61,-2,-10.11,77.45,48.2
12:39:11.297,4.83,26.6,25.16,24,1008.12,1008.3,24.58,334.53,43.05,41.25,7.73,5.62,-3.77,22.77,23.47,67.42
12:39:12.368,4.87,26.6,25.16,24,1008.06,1008.24,24.58,336.18,43.63,41.81,6,4.14,-4.63,22.96,-9.82,27.06
12:39:13.446,4.87,26.5,25.15,24,1007.99,1008.17,24.59,334.86,44.14,42.36,5.72,2.48,-3.51,27.72,-55.09,-24.95
12:39:14.522,4.87,26.5,25.15,23.99,1007.93,1008.11,24.59,334.2,44.64,42.89,16.1,6.49,-1.53,42.8,-74.45,-70.06
12:39:15.601,4.89,26.5,25.14,23.99,1007.86,1008.05,24.59,332.25,45.14,43.36,8.44,3.93,0.18,38.81,-62.83,-29.29
12:39:16.672,5.12,26.5,25.14,23.99,1007.79,1008,24.59,334.53,45.64,43.77,3.56,-4.91,1.25,97.4,34.17,4.1
12:39:17.753,5.15,26.5,25.14,23.99,1007.75,1007.96,24.59,332.25,45.98,44.13,-5.61,-9.47,-7.84,-13.59,8.32,69.85
12:39:18.825,5,26.5,25.13,23.99,1007.74,1007.92,24.6,333.22,45.98,44.44,5.05,10.88,-9.09,2.73,8.25,49.75
12:39:19.901,4.9,26.5,25.13,23.99,1007.73,1007.9,24.61,330.96,45.98,44.65,7.82,4.36,-3.65,-15.42,13.11,-14.3
12:39:20.983,4.9,26.5,25.13,23.99,1007.74,1007.88,24.61,330.64,45.98,44.81,8.21,4.67,-3.74,-23.85,11.51,-12.55
12:39:22.56,4.9,26.5,25.13,23.99,1007.74,1007.87,24.62,331.93,45.98,44.9,7.76,4.54,-3.22,-10.72,9.65,-12.46
12:39:23.134,4.9,26.5,25.14,23.99,1007.74,1007.86,24.62,331.28,46.06,44.98,8.03,4.12,-2.57,-14.63,5.36,-15.3
12:39:24.209,4.92,26.6,25.14,23.99,1007.73,1007.86,24.62,328.42,45.98,44.97,7.85,4.49,-2.82,-5.83,7.12,-6.15
12:39:25.277,4.9,26.5,25.14,23.99,1007.74,1007.85,24.63,330,46.06,45.08,7.9,4.74,-3.04,-2.15,6.69,-6.4
12:39:26.351,4.92,26.6,25.15,24,1007.73,1007.84,24.64,327.78,46.06,45.13,7.99,4.7,-2.84,-4.23,7.19,-6.61
12:39:27.420,4.92,26.6,25.16,24,1007.74,1007.84,24.64,330,45.98,45.16,8.07,4.21,-2.69,3.91,4.76,-3.17
12:39:28.500,4.93,26.6,25.16,24.01,1007.74,1007.85,24.65,328.42,45.89,45.09,8.37,3.26,-2.97,19.59,20.81,-27.02
12:39:29.577,4.92,26.6,25.17,24.01,1007.75,1007.85,24.65,329.37,45.89,45.08,8.78,3.8,-4.02,-11.21,9.82,-24.4
12:39:30.656,4.95,26.6,25.17,24.01,1007.74,1007.84,24.65,328.73,46.06,45.15,10.55,3.53,-1.14,11.38,26.05,13.78
12:39:31.736,4.95,26.6,25.17,24.02,1007.72,1007.83,24.65,327.47,46.23,45.23,11.81,2.34,-4.09,-14.67,-20.82,-44.97
12:39:32.811,4.95,26.6,25.18,24.02,1007.71,1007.82,24.65,329.37,46.31,45.3,9.31,4.68,-0.84,-35.03,42.91,3.06
12:39:33.887,4.96,26.6,25.18,24.03,1007.7,1007.82,24.66,330,46.39,45.34,11.67,4.21,-0.77,-2.21,-32.49,-3.16
12:39:34.964,4.93,26.6,25.18,24.03,1007.69,1007.81,24.66,329.37,46.31,45.37,9.26,3.35,-3.08,-13.46,-7.8,-9.11
12:39:36.40,4.95,26.6,25.19,24.03,1007.69,1007.81,24.66,329.37,46.39,45.41,8.71,3.22,-1.04,-15.79,9.83,-2.55
12:39:37.117,4.96,26.6,25.19,24.04,1007.69,1007.8,24.66,327.78,46.39,45.47,9.02,3.29,-1.65,-17.72,-0.05,-4.13
12:39:38.188,4.95,26.6,25.19,24.04,1007.69,1007.8,24.65,326.84,46.39,45.51,9.52,3.2,-1.66,2.5,16.04,5.49
12:39:39.265,4.95,26.6,25.2,24.05,1007.7,1007.8,24.65,327.47,46.31,45.5,9.26,3.62,-1.46,-19.16,-1.68,-17.07
12:39:40.337,4.96,26.6,25.21,24.05,1007.71,1007.8,24.65,328.1,46.23,45.48,9.22,3.49,-1.87,6.57,7.48,6.9
12:39:41.420,4.97,26.7,25.21,24.06,1007.71,1007.8,24.64,328.42,46.23,45.45,9.63,2.95,-1.6,-10.49,7.34,-10.82
12:39:42.490,4.97,26.7,25.22,24.06,1007.71,1007.8,24.65,328.42,46.14,45.45,9.07,3.93,-1.45,-4.37,2.37,-8.08
12:39:43.562,4.97,26.7,25.22,24.07,1007.72,1007.8,24.65,328.73,46.14,45.5,9.27,2.95,-1.69,4.08,9.16,2.56
12:39:44.644,4.87,26.7,25.22,24.06,1007.78,1007.83,24.65,326.53,44.64,45.21,-0.22,4.15,-5.4,1.69,-46.13,-51.61
12:39:45.719,5.07,26.7,25.19,24.05,1008.01,1007.97,24.64,329.05,42.71,44.07,8.56,3.11,-1.97,-0.13,33.42,-4.67
12:39:46.795,4.8,26.6,25.14,24.04,1008.24,1008.12,24.61,330,41.21,42.77,-1.83,1.69,-5.88,-74.93,-22.14,42.6
12:39:47.868,4.57,26.6,25.13,24.03,1008.37,1008.26,24.58,332.9,40.29,41.63,3.5,1.43,-3.7,52.32,21.13,24.03
12:39:48.949,4.51,26.6,25.13,24.02,1008.46,1008.37,24.56,336.18,39.71,40.73,17,3.94,-4.81,-128.67,10.22,-92.32
12:39:50.23,4.61,26.6,25.12,24.01,1008.52,1008.44,24.53,337.17,39.37,40.12,0.81,3.89,-3.25,-7.77,1.98,-29.1
12:39:51.95,4.61,26.6,25.12,24,1008.54,1008.5,24.5,338.51,39.12,39.59,0.56,6.65,-6.34,12.18,10.97,0.76
12:39:52.175,4.64,26.6,25.12,23.99,1008.57,1008.55,24.46,342.25,38.95,39.22,3.67,4.54,-7.81,69.55,-19.44,16.04
12:39:53.251,4.62,26.6,25.12,23.98,1008.56,1008.57,24.44,340.54,39.2,39.03,8.15,3.2,-2.62,-33.99,60.13,42.65
12:39:54.331,4.64,26.5,25.11,23.98,1008.54,1008.58,24.43,339.19,39.37,38.98,10.09,3.37,-3.6,-99.24,-16.33,-26.36
12:39:55.406,4.67,26.5,25.1,23.97,1008.53,1008.58,24.43,339.86,39.37,38.92,8.5,3.99,-0.96,-5.51,-26.02,0.96
12:39:56.482,4.64,26.5,25.09,23.96,1008.54,1008.6,24.44,338.51,39.29,38.78,8.31,4.98,-5.13,1.42,-7.66,-11.53
12:39:57.560,4.64,26.5,25.09,23.95,1008.54,1008.62,24.45,338.51,39.29,38.63,7.16,4.58,-3.47,-5.67,-0.37,-8.56
12:39:58.636,4.77,26.5,25.09,23.95,1008.55,1008.63,24.46,338.18,39.12,38.53,2.01,8.63,-7.4,5.08,-25.09,-35.98
12:39:59.709,4.64,26.5,25.09,23.94,1008.57,1008.64,24.47,335.52,39.04,38.44,1.28,6.33,-7.12,4.39,4.88,-11.4
12:40:00.784,4.64,26.5,25.09,23.94,1008.57,1008.65,24.5,335.85,39.12,38.4,1.89,5.18,-10.56,29.04,7.81,2.28
12:40:01.856,4.64,26.5,25.09,23.94,1008.58,1008.65,24.51,334.2,38.95,38.34,1.48,3.4,-8.85,2.75,13.84,-1.37
12:40:02.932,4.64,26.5,25.09,23.93,1008.58,1008.66,24.52,335.19,38.95,38.31,1.42,3.2,-8.82,-0.3,8.83,-4.38
12:40:04.7,4.64,26.5,25.09,23.93,1008.59,1008.66,24.53,335.85,38.95,38.28,1.46,3.22,-8.8,-2.48,4.56,-6.33
12:40:05.82,4.64,26.5,25.09,23.93,1008.59,1008.66,24.54,335.52,38.95,38.27,1.4,3.24,-8.79,-2.86,5.53,-6.16
12:40:06.161,4.64,26.5,25.09,23.93,1008.58,1008.66,24.56,338.18,38.95,38.29,1.39,3.26,-8.82,-3.19,6.75,-5.73
12:40:07.235,4.64,26.5,25.09,23.93,1008.58,1008.66,24.57,336.18,39.04,38.25,1.41,3.25,-8.79,-3.11,6.59,-5.8
12:40:08.312,4.64,26.5,25.09,23.93,1008.58,1008.66,24.58,336.18,39.04,38.28,1.41,3.24,-8.82,-3.04,6.46,-5.78
12:40:09.388,4.64,26.5,25.09,23.93,1008.57,1008.66,24.6,333.22,39.04,38.29,1.41,3.27,-8.81,-3.11,6.46,-5.89
12:40:10.461,4.64,26.5,25.09,23.94,1008.57,1008.66,24.62,334.2,39.04,38.31,1.42,3.23,-8.78,-3.13,6.5,-5.83
12:40:11.537,4.64,26.5,25.09,23.94,1008.57,1008.66,24.64,333.22,39.12,38.31,1.43,3.25,-8.82,-3.13,6.55,-5.92
12:40:12.611,4.64,26.5,25.09,23.94,1008.56,1008.65,24.65,332.25,39.2,38.35,1.41,3.26,-8.8,-3.1,6.49,-5.79
12:40:13.687,4.64,26.5,25.1,23.94,1008.55,1008.65,24.67,332.25,39.12,38.38,1.41,3.26,-8.82,-3.18,6.67,-5.68
12:40:14.760,4.64,26.5,25.1,23.94,1008.56,1008.64,24.68,332.25,39.12,38.42,1.42,3.25,-8.8,-3.06,6.45,-5.83
12:40:15.832,4.64,26.5,25.1,23.95,1008.56,1008.65,24.7,333.22,39.12,38.39,1.42,3.25,-8.81,-2.95,6.59,-5.7
12:40:16.907,4.64,26.5,25.1,23.95,1008.56,1008.65,24.71,331.93,39.12,38.37,1.4,3.25,-8.81,-2.95,6.45,-5.79
12:40:17.983,4.64,26.5,25.1,23.95,1008.56,1008.65,24.71,332.58,39.12,38.36,1.39,3.23,-8.81,-2.99,6.45,-5.79
12:40:19.59,4.66,26.5,25.11,23.95,1008.56,1008.65,24.72,334.53,39.12,38.37,1.42,3.26,-8.82,-2.94,6.53,-5.82
12:40:20.132,4.64,26.5,25.11,23.96,1008.55,1008.65,24.72,334.2,39.2,38.37,1.41,3.25,-8.81,-3.1,6.52,-5.75
12:40:21.205,4.66,26.5,25.11,23.96,1008.55,1008.65,24.73,331.93,39.12,38.37,1.42,3.26,-8.8,-3.1,6.43,-5.84
12:40:22.281,4.67,26.5,25.12,23.96,1008.56,1008.65,24.72,333.22,39.2,38.39,1.41,3.23,-8.81,-3.05,6.51,-5.92
12:40:23.358,4.64,26.5,25.12,23.97,1008.56,1008.66,24.73,331.93,39.12,38.32,1.42,3.24,-8.8,-3.01,6.48,-5.73
12:40:24.431,4.66,26.5,25.12,23.97,1008.56,1008.65,24.74,333.88,39.2,38.36,1.42,3.25,-8.8,-3.04,6.52,-5.81
12:40:25.499,4.66,26.5,25.12,23.97,1008.55,1008.65,24.74,334.86,39.2,38.34,1.42,3.23,-8.8,-3,6.58,-5.8
12:40:26.575,4.69,26.5,25.12,23.97,1008.55,1008.65,24.74,331.93,39.12,38.41,1.4,3.25,-8.81,-2.95,6.54,-5.8
12:40:27.651,4.66,26.5,25.13,23.97,1008.55,1008.64,24.75,334.86,39.12,38.42,1.4,3.22,-8.81,-3.03,6.52,-5.88
